plant_barcode,plant_code,crop_category,sci_name,eng_name,nep_name_eng,nep_name_dev
Amaranthus hypochondriacus_Prince's feather_Ama1,Ama1,Crop - cereal,Amaranthus hypochondriacus,Prince's feather,Marse,मार्से
Eleusine coracana_Finger milllet_Ele3,Ele3,Crop - cereal,Eleusine coracana,Finger milllet,Kodo,कोदो
Fagopyrum esculentum_Buckwheat_Fag4,Fag4,Crop - cereal,Fagopyrum esculentum,Buckwheat,Mite phapar,मीठे फापर
Fagopyrum tataricum_Tartary buckwheat_Fag5,Fag5,Crop - cereal,Fagopyrum tataricum,Tartary buckwheat,Tite phaaper,तीते फापर
Hordeum vulgare_Barley_Hor6,Hor6,Crop - cereal,Hordeum vulgare,Barley,Jahu,जहू
Hordeum vulgare subsp. vulgare_Naked barley_Hor7,Hor7,Crop - cereal,Hordeum vulgare subsp. vulgare,Naked barley,Mudule Jahu / Uwa,मुडुले जहू/ उवा
Oryza sativa_Rice_Ory8,Ory8,Crop - cereal,Oryza sativa,Rice,Jumli Marsi Dhaan,जुम्ली मर्सी धान
Panicum miliaceum_Proso millet_Pan9,Pan9,Crop - cereal,Panicum miliaceum,Proso millet,Chino,चिनो
Panicum sumatrense_Little millet_Pan10,Pan10,Crop - cereal,Panicum sumatrense,Little millet,Pakhe Dhaan / Boya Dhan,पाखे धान/ बोया धान
Setaria italica_Foxtail millet_Set11,Set11,Crop - cereal,Setaria italica,Foxtail millet,Kaaguno,कागुनो
Sorghum bicolor_Sorghum_Sor12,Sor12,Crop - cereal,Sorghum bicolor,Sorghum,Junelo,जुनेलो
Triticum sp._Wheat_Tri13,Tri13,Crop - cereal,Triticum sp.,Wheat,Gahu,गहूँ
Zea mays_Maize_Zea14,Zea14,Crop - cereal,Zea mays,Maize,Makkai,मकै
Amygdalus communis_Almonds_Amy15,Amy15,Crop - fruit or nut,Amygdalus communis,Almonds,Kaagati Badam / Madhesi Badam,कागती बदाम/ मधेसी बदाम
Hippophae rhamnoides_Sea buckthorn_Hip16,Hip16,Crop - fruit or nut,Hippophae rhamnoides,Sea buckthorn,Tare chook / Daale chuk,तारे चूक/ डाले चूक
Juglans regia_Walnut_Jug17,Jug17,Crop - fruit or nut,Juglans regia,Walnut,Daatee Okhar / Kaate Okhar,दाँते ओखर/ काठे ओखर
Malus domestica_Apple_Mal18,Mal18,Crop - fruit or nut,Malus domestica,Apple,Shyau,स्याऊ
Prinsepia utilis_Cherry prinsepia_Pri20,Pri20,Crop - fruit or nut,Prinsepia utilis,Cherry prinsepia,Dhatelo,ढटेलो
Prunus armeniaca_Apricot_Pru21,Pru21,Crop - fruit or nut,Prunus armeniaca,Apricot,Chule Aaru,चुले आरु
Prunus cerasoides_Wild Himalayan cherry_Pru238,Pru238,Crop - fruit or nut,Prunus cerasoides,Wild Himalayan cherry,Painyu / Paiyun,पैयू/ पैयौ
Prunus domestica_Plum_Pru22,Pru22,Crop - fruit or nut,Prunus domestica,Plum,Khurpani / Aru bokhara,
Prunus persica_Peach_Pru23,Pru23,Crop - fruit or nut,Prunus persica,Peach,Aaru,आरु
Pyrus communis_Pear_Pyr25,Pyr25,Crop - fruit or nut,Pyrus communis,Pear,Naspati,नासपती
Pyrus pashia_Wild Himalayan pear_Pyr26,Pyr26,Crop - fruit or nut,Pyrus pashia,Wild Himalayan pear,Mehel,मेहेल
Rubus ellipticus_Himalayan yellow raspbery_Rub27,Rub27,Crop - fruit or nut,Rubus ellipticus,Himalayan yellow raspbery,Aiselu,
Allium cepa_Onion_All28,All28,Crop - herb or spice,Allium cepa,Onion,Pyaz / Pyaaj,प्याज
Allium hypsistum_Nepalese Allium_All29,All29,Crop - herb or spice,Allium hypsistum,Nepalese Allium,Patadae / Jimu / Jimbu,पताड़े/ जीमू/ जिम्बू
Allium sativum_Garlic_All30,All30,Crop - herb or spice,Allium sativum,Garlic,Lasun,लसुन
Allium tuberosum_Chinese leek_All31,All31,Crop - herb or spice,Allium tuberosum,Chinese leek,Dundu saag,डुन्डु साग
Anethum graveolens_Dill_Ane32,Ane32,Crop - herb or spice,Anethum graveolens,Dill,Saunph / Sop,सौपः/ सूप
Cannabis sativa_Cannabis_Can33,Can33,Crop - herb or spice,Cannabis sativa,Cannabis,Bhango,भागों
Capsicum sp._Chilli_Cap34,Cap34,Crop - herb or spice,Capsicum sp.,Chilli,Khursani,खुर्सानि
Coriandrum sativum_Coriander_Cor36,Cor36,Crop - herb or spice,Coriandrum sativum,Coriander,Dhaniya,धनियाँ
Mentha × piperita_Peppermint_Men39,Men39,Crop - herb or spice,Mentha × piperita,Peppermint,Putina,पुतिना
Origarum vulgare_Oregano_Ori40,Ori40,Crop - herb or spice,Origarum vulgare,Oregano,Ram Tulasi,राम तुलसी
Saffron crocus_Saffron_Saf41,Saf41,Crop - herb or spice,Saffron crocus,Saffron,Kesar,केसर
Trigonella foenum-graecum_Fenugreek_Tri42,Tri42,Crop - herb or spice,Trigonella foenum-graecum,Fenugreek,Methi,मेथी
Alternanthera sessilis_Sessile joyweed_Alt43,Alt43,Crop - leafy vegetable,Alternanthera sessilis,Sessile joyweed,Saranchi Saag / Bhiringi Jhaar,सरन्चि साग/ भिरिंगी झार
Amaranthus caudatus_Foxtail amaranth_Ama44,Ama44,Crop - leafy vegetable,Amaranthus caudatus,Foxtail amaranth,Marse,मार्से
Amaranthus cruentus_Blood amaranth_Ama45,Ama45,Crop - leafy vegetable,Amaranthus cruentus,Blood amaranth,Dhaad Marse / Rato marse,ढांड मार्से/ रातों मार्से
Amaranthus gracilis_Green amaranth_Ama46,Ama46,Crop - leafy vegetable,Amaranthus gracilis,Green amaranth,Ludae Saag,लूडे साग
Basella alba_Creeping spinach_Bas48,Bas48,Crop - leafy vegetable,Basella alba,Creeping spinach,Bhadae saag,भांडे साग
Beta vulgaris_Swiss chard_Bet49,Bet49,Crop - leafy vegetable,Beta vulgaris,Swiss chard,Swiss Saag,स्विस साग
Brassica alba_Broad leaf mustard_Bra50,Bra50,Crop - leafy vegetable,Brassica alba,Broad leaf mustard,Rayo Bhaji saag,रायों भाजी साग
Foeniculum vulgare_Fennel_Foe38,Foe38,Crop - leafy vegetable,Foeniculum vulgare,Fennel,Saunph Saag,सौंफ साग
Ipomoea aquatica_Water spinach_Ipo52,Ipo52,Crop - leafy vegetable,Ipomoea aquatica,Water spinach,Sim Saag / Pani Palak,सिम साग/ पानी पालक
Lepidium sativum_Garden cress_Lep53,Lep53,Crop - leafy vegetable,Lepidium sativum,Garden cress,Chamsur,चम्सुर
Nasturtium officinale_Water cress_Nas55,Nas55,Crop - leafy vegetable,Nasturtium officinale,Water cress,Sim saag,सिम साग
Phytolacca acinosa_Sweet belladonna_Phy56,Phy56,Crop - leafy vegetable,Phytolacca acinosa,Sweet belladonna,Jarko,जार्को
Spinacia oleracea_Spinach_Spi58,Spi58,Crop - leafy vegetable,Spinacia oleracea,Spinach,Palungo Saag,पालूङ्गो
Urtica dioica_Stinging nettle_Urt59,Urt59,Crop - leafy vegetable,Urtica dioica,Stinging nettle,Sisnu,सिस्नु
Brassica alba_Mustard_Bra60,Bra60,Crop - oilseed,Brassica alba,Mustard,Tori,तोरी
Helianthus annuus_Sunflower_Hel61,Hel61,Crop - oilseed,Helianthus annuus,Sunflower,Suryamukhi,सूर्यमुखी
Linum usitatissimum_Linseed_Lin62,Lin62,Crop - oilseed,Linum usitatissimum,Linseed,Aalaash,आलश
Perilla frutescens_Perilla_Per63,Per63,Crop - oilseed,Perilla frutescens,Perilla,Tilkhudo / Tilkuro,तिलखुडो/ तिलखुरों
Canavalia ensiformis_Jack bean_Can68,Can68,Crop - pulse,Canavalia ensiformis,Jack bean,Goreto simi,गोरेटो सिमी
Glycine max_Soybean_Gly70,Gly70,Crop - pulse,Glycine max,Soybean,Bhatta (Kalo & Seto),भट्ट (कालो र सेतो
Macrotyloma uniflorum_Horse gram_Mac72,Mac72,Crop - pulse,Macrotyloma uniflorum,Horse gram,Gahat,गहत
Mucuna pruriens_Velvet bean_Muc73,Muc73,Crop - pulse,Mucuna pruriens,Velvet bean,Kaause simi,कौसि सिमी
Phaseolus coccineus_Scarlet bean_Pha74,Pha74,Crop - pulse,Phaseolus coccineus,Scarlet bean,Ghogate simi,घोगते सिमी
Phaseolus vulgaris_Green bean_Pha75,Pha75,Crop - pulse,Phaseolus vulgaris,Green bean,Gheu simi,घ्यू सिमी
Phaseolus vulgaris_Jumli bean_Pha76,Pha76,Crop - pulse,Phaseolus vulgaris,Jumli bean,Jumli simi,जुम्ली सिमी
Pisum sativum_Garden pea_Pis78,Pis78,Crop - pulse,Pisum sativum,Garden pea,Kerau mattar,केराउ मटर
Pisum sativum var. arvense_Field pea_Pis79,Pis79,Crop - pulse,Pisum sativum var. arvense,Field pea,Saano kalaa / Naano Kalaa,सानो कला/ नानो कला
Vicia faba_Faba bean_Vic80,Vic80,Crop - pulse,Vicia faba,Faba bean,Bakullaa,बकुल्ला
Vigna mungo_Blackgram_Vig81,Vig81,Crop - pulse,Vigna mungo,Blackgram,Maas,मास
Vigna unguiculata_Cowpea_Vig82,Vig82,Crop - pulse,Vigna unguiculata,Cowpea,Bodi,बोडि
Colocasia esculenta_Taro_Col240,Col240,Crop - vegetable,Colocasia esculenta,Taro,Karkalo / Gaava / Pidhaalu,कर्कलों/ गाभा/ पिंडालु
Dioscorea rotundata_Yam_Dio84,Dio84,Crop - vegetable,Dioscorea rotundata,Yam,Ganji / Muga,गंजी/ मुगा
Solanum tuberosum_Potato_Sol85,Sol85,Crop - vegetable,Solanum tuberosum,Potato,Aalu,आलु
Acorus calamus_Sweet flag_Aco86,Aco86,Crop - vegetable,Acorus calamus,Sweet flag,Bojo,बोझों
Asparagus racemosus_Asparagus_Asp87,Asp87,Crop - vegetable,Asparagus racemosus,Asparagus,Kurilo,कुरीलों
Beta vulgaris_Beet root_Bet239,Bet239,Crop - vegetable,Beta vulgaris,Beet root,Beet root,बीट रूट
Brassica oleracea var. botrytis_Cauliflower_Bra89,Bra89,Crop - vegetable,Brassica oleracea var. botrytis,Cauliflower,Kauli,काउली
Brassica oleracea var. capitata_Cabbage_Bra236,Bra236,Crop - vegetable,Brassica oleracea var. capitata,Cabbage,Banda kovi,बन्दाकोभि
Brassica rapa_Turnip_Bra90,Bra90,Crop - vegetable,Brassica rapa,Turnip,Gante mula,गान्टे मुला
Cucumis sativus_Cucumber_Cuc91,Cuc91,Crop - vegetable,Cucumis sativus,Cucumber,Kakhara,काँक्रा
Cucurbita maxima_Pumpkin_Cuc92,Cuc92,Crop - vegetable,Cucurbita maxima,Pumpkin,Kaddu,कद्दू
Cyclanthera pedata_Slipper gourd_Cyc93,Cyc93,Crop - vegetable,Cyclanthera pedata,Slipper gourd,Chuche karela / Barela,चुच्चे करेला/ बरेला
Cyphomandra betacea_Tree tomato_Cyp94,Cyp94,Crop - vegetable,Cyphomandra betacea,Tree tomato,Tyammatar / Rukh tamatar,ट्यामटर/ रुख मटर
Daucus carota_Carrot_Dau95,Dau95,Crop - vegetable,Daucus carota,Carrot,Gajar,गाँजर
Lycopersicon esculentum_Tomato_Lyc96,Lyc96,Crop - vegetable,Lycopersicon esculentum,Tomato,Golveda / Golbera,गोलभेडा/ गोलबेरा
Momordica balsamina_Balsam apple_Mom97,Mom97,Crop - vegetable,Momordica balsamina,Balsam apple,Ban karela,बन करेला
Momordica charantia_Bittergourd_Mom98,Mom98,Crop - vegetable,Momordica charantia,Bittergourd,Tite karela,तीते करेला
Raphanus sativus_Radish_Rap99,Rap99,Crop - vegetable,Raphanus sativus,Radish,Choto / Koiro,चोतों/ कोइरो
Raphanus sativus var. longipinnatus_Daikon_Rap241,Rap241,Crop - vegetable,Raphanus sativus var. longipinnatus,Daikon,Mula,मुला
Rheum nobile_Sikkim Rhubarb_Rhe100,Rhe100,Crop - vegetable,Rheum nobile,Sikkim Rhubarb,Padamchaal,पदमचाल
Solanum anguivi_Forest bitterberry_Sol101,Sol101,Crop - vegetable,Solanum anguivi,Forest bitterberry,Bihi / Jangali Dhaniya,बिही/ जंगली धनियाँ
Solanum melongena_Aubergine_Sol102,Sol102,Crop - vegetable,Solanum melongena,Aubergine,Bhyanta,भ्यांन्टा
Cosmos bipinnatus_Cosmos_Cos107,Cos107,Ornamental plant,Cosmos bipinnatus,Cosmos,Jhaje Phul / Jhyaaji,झ्याँझे फूल/ झ्याँजी
Dahlia sp._Dahlia_Dah108,Dah108,Ornamental plant,Dahlia sp.,Dahlia,Lahure,लाहुरे
Gomphrena globosa_Globe amaranth_Gom112,Gom112,Ornamental plant,Gomphrena globosa,Globe amaranth,Makhamali,मखमली
Jasminum humile_Yellow jasmine_Jas173,Jas173,Ornamental plant,Jasminum humile,Yellow jasmine,Jaai,जाई
Tagetes erecta_Marigold_Tag116,Tag116,Ornamental plant,Tagetes erecta,Marigold,Hajari,हजारी
Betula utilis_Himalayan birch_Bet119,Bet119,Wild tree,Betula utilis,Himalayan birch,Bhoj patro,भोज पत्रों
Quercus semicarpifolia_Brown oak_Que120,Que120,Wild tree,Quercus semicarpifolia,Brown oak,Kharsu,खर्सु
Salix tetrasperma_Indian willow_Sal121,Sal121,Wild tree,Salix tetrasperma,Indian willow,Baisa / Lahare Bais / Budhi Bais,"बैस, लहरे बैस/ बूढ़ी बैस"
Achyranthes aspera_Prickly chaff-flower_Ach122,Ach122,Wild/medicinal plant,Achyranthes aspera,Prickly chaff-flower,Bheri Kurro,भेरी कुर्रो
Aconitum heterophyllum_Himalayan monkshood_Aco123,Aco123,Wild/medicinal plant,Aconitum heterophyllum,Himalayan monkshood,Bish,बिष
Allium fasciculatum_Wild onion_All124,All124,Wild/medicinal plant,Allium fasciculatum,Wild onion,Pharan,फरन
Anaphalis royleana_Linear-leaf pearly everlasting_Ana125,Ana125,Wild/medicinal plant,Anaphalis royleana,Linear-leaf pearly everlasting,Bhuko,बुक्कों
Anaphalis triplinervis_Pearly everlasting_Ana126,Ana126,Wild/medicinal plant,Anaphalis triplinervis,Pearly everlasting,Bhuki,बुक्की
Anenome vitifolia_Anenome_Ane103,Ane103,Wild/medicinal plant,Anenome vitifolia,Anenome,Ban Kapas,बन कपास
Anisomeles indica_Indian catmint_Ani127,Ani127,Wild/medicinal plant,Anisomeles indica,Indian catmint,Kale bhido,काले भीडों
Arctiium lappa_Great burdock_Arc128,Arc128,Wild/medicinal plant,Arctiium lappa,Great burdock,Kuro,कुर्रो
Artemesia roxburghiana_Roxburgh's wormwood_Art129,Art129,Wild/medicinal plant,Artemesia roxburghiana,Roxburgh's wormwood,Sunpani / Mauri Pani,सुनपाति/ महूरी पानी
Artemisia indica_Indian wormwood_Art130,Art130,Wild/medicinal plant,Artemisia indica,Indian wormwood,Tite paati,तीते पाति
Artemisia japonica_Japanese wormwood_Art131,Art131,Wild/medicinal plant,Artemisia japonica,Japanese wormwood,Biuje paati,बियूजे पाति
Artemisia sieversiana_Sagebrush_Art132,Art132,Wild/medicinal plant,Artemisia sieversiana,Sagebrush,Guiya paati,गुईया पाति
Arum jacquemontii_Arum_Aru133,Aru133,Wild/medicinal plant,Arum jacquemontii,Arum,Bako,बाको
Aster asperulus_Himalayan fall aster_Ast134,Ast134,Wild/medicinal plant,Aster asperulus,Himalayan fall aster,Bukhi phool,बुखी फूल
Aster himalaicus_Himalayan aster_Ast135,Ast135,Wild/medicinal plant,Aster himalaicus,Himalayan aster,Bhuki chhayajo,बूकि छाँयाजो
Barleria prionitis_Porcupine flower_Bar136,Bar136,Wild/medicinal plant,Barleria prionitis,Porcupine flower,Bajradanti,बज्रदंती
Berberis aristata_Indian barberry_Ber137,Ber137,Wild/medicinal plant,Berberis aristata,Indian barberry,Chuttro,चुत्रो
Berberis chitria_Berberis_Ber138,Ber138,Wild/medicinal plant,Berberis chitria,Berberis,Thulo chuttro,ठूलो चुत्रो
Berberis ulicinia_Gorse barberry_Ber139,Ber139,Wild/medicinal plant,Berberis ulicinia,Gorse barberry,Bhui chuttro,भूई चुत्रो
Bergenia ciliata_Frilly bergenia_Ber140,Ber140,Wild/medicinal plant,Bergenia ciliata,Frilly bergenia,Simpati Paat,सिमपाति पात
Bistorta affinis_Himalayan fleeceflower_Bis141,Bis141,Wild/medicinal plant,Bistorta affinis,Himalayan fleeceflower,Makure Phul,माकुरे फूल
Bistorta amplexicaulis_Red bistorta_Bis142,Bis142,Wild/medicinal plant,Bistorta amplexicaulis,Red bistorta,?,
Caltha palustris_Marsh marigold_Cal237,Cal237,Wild/medicinal plant,Caltha palustris,Marsh marigold,Sim phool,सिम फूल
Centella asiatica_Indian pennywort_Cen143,Cen143,Wild/medicinal plant,Centella asiatica,Indian pennywort,Bish Maro,बिष मारो
Chenopodium album_White goosefoot_Che51,Che51,Wild/medicinal plant,Chenopodium album,White goosefoot,Bethe,बेथे
Cirsium verutum_Common thistle_Cir145,Cir145,Wild/medicinal plant,Cirsium verutum,Common thistle,Pani Kaanjeda,पानी कानजेडा
Cirsium wallichii_Wallich's thistle_Cir146,Cir146,Wild/medicinal plant,Cirsium wallichii,Wallich's thistle,Thakal,थकल
Colqunounia coccinea_Himalayan mint shrub_Col147,Col147,Wild/medicinal plant,Colqunounia coccinea,Himalayan mint shrub,Gnathe Phul,नाथे फूल
Commelina paludosa_Spotted dayflower_Com148,Com148,Wild/medicinal plant,Commelina paludosa,Spotted dayflower,Khiraula / Phanjari,खिरौला/ पंजरी
Corydalis juncea_Corydalis_Cor149,Cor149,Wild/medicinal plant,Corydalis juncea,Corydalis,Godya Phul,घोड्या फूल
Cotoneaster microphylla_Rockspray cotoneaster_Cot150,Cot150,Wild/medicinal plant,Cotoneaster microphylla,Rockspray cotoneaster,Ghangaru / Ghagaru,घंगेरू/ घंगरु
Cremanthodium arnicoides_Arnica Himalayan sunflower_Cre151,Cre151,Wild/medicinal plant,Cremanthodium arnicoides,Arnica Himalayan sunflower,Tare Phul,तारे फूल
Cynanthus microphyllus_Small-leaved trailing bellflower_Cyn152,Cyn152,Wild/medicinal plant,Cynanthus microphyllus,Small-leaved trailing bellflower,Chakure Phul,चकुरे फूल
Cynoglosum zeylanium_Ceylon forget-me-not_Cyn153,Cyn153,Wild/medicinal plant,Cynoglosum zeylanium,Ceylon forget-me-not,Jhalo Kuro,झालो कुर्रो
Dactylorhiza hatagirea_Himalayan marsh orchid_Dac154,Dac154,Wild/medicinal plant,Dactylorhiza hatagirea,Himalayan marsh orchid,Panch aule / Hathi Jera,पाँचऔले/ हत्ती जेरा
Datura stramonium_Jimsonweed_Dat155,Dat155,Wild/medicinal plant,Datura stramonium,Jimsonweed,Dhaturo,धतूरों
Depsacus inermis_Himalayan teasel_Dep156,Dep156,Wild/medicinal plant,Depsacus inermis,Himalayan teasel,Takhule,तखुले
Elaeagnus conferta_Wild olive_Ela157,Ela157,Wild/medicinal plant,Elaeagnus conferta,Wild olive,Gueyalu,गुईंयालु
Elsholtzia densa_Dense Himalayan mint_Els158,Els158,Wild/medicinal plant,Elsholtzia densa,Dense Himalayan mint,Kalo Maijeri / Silki / Bhaineri,कालो माइजेरी/ सिल्की/ भैनेरी
Euphorbia sikkimensis_Sikkim spurge_Eup159,Eup159,Wild/medicinal plant,Euphorbia sikkimensis,Sikkim spurge,Dhudya,दुधिया
Fagopyrum dibotrys_Perennial buckwheat_Fag242,Fag242,Wild/medicinal plant,Fagopyrum dibotrys,Perennial buckwheat,Ban Phappar,बन फापर
Fragaria nubicola_Himalayan strawberry_Fra160,Fra160,Wild/medicinal plant,Fragaria nubicola,Himalayan strawberry,Bhuikaphal,भूईकाफल
Fritillaria cirrhosa_Himalayan fritillary_Fri161,Fri161,Wild/medicinal plant,Fritillaria cirrhosa,Himalayan fritillary,Ban lasun,बन लसुन
Gagea lutea_Yellow star of Bethlehem_Gag162,Gag162,Wild/medicinal plant,Gagea lutea,Yellow star of Bethlehem,Lasune Phool,लसुने फूल
Galinsoga ciliata_Hairy galinsoga_Gal163,Gal163,Wild/medicinal plant,Galinsoga ciliata,Hairy galinsoga,Pire Kayar,पिरे कयार
Galium rotundifolium_Round-leaved bedstraw_Gal164,Gal164,Wild/medicinal plant,Galium rotundifolium,Round-leaved bedstraw,"Mujetho, Gawan Rato","मुजेठो, गउन रातों"
Gentiana capitata_Clustered gentian_Gen165,Gen165,Wild/medicinal plant,Gentiana capitata,Clustered gentian,Fulaura,फुलौरा
Geranium collinum_Hill geranium_Ger166,Ger166,Wild/medicinal plant,Geranium collinum,Hill geranium,Ratijara,रातिजरा
Geranium lamberti_Lambert's geranium_Ger167,Ger167,Wild/medicinal plant,Geranium lamberti,Lambert's geranium,Ratijara,रातिजरा
Geranium wallichianum_Wallich geranium_Ger168,Ger168,Wild/medicinal plant,Geranium wallichianum,Wallich geranium,Rakla mool,रक्ला मूल
Habenaria arietina_Orchid_Hab169,Hab169,Wild/medicinal plant,Habenaria arietina,Orchid,Thunga,थुँगा
Halenia elliptica_Spurred gentian_Hal170,Hal170,Wild/medicinal plant,Halenia elliptica,Spurred gentian,Goro Tito,गोरों तितो
Hypericum sp._St John's wort_Hyp171,Hyp171,Wild/medicinal plant,Hypericum sp.,St John's wort,Bheri Dale Phul,भेरी डाले फूल
Impatiens balsamina_Garden balsam_Imp114,Imp114,Wild/medicinal plant,Impatiens balsamina,Garden balsam,Majero,मजेरो
Ipomoea purpurea_Common morning glory_Ipo172,Ipo172,Wild/medicinal plant,Ipomoea purpurea,Common morning glory,Lahare ful,लहरे फूल
Jurinea dolomiaea_Himalayan Dolomiaea_Jur175,Jur175,Wild/medicinal plant,Jurinea dolomiaea,Himalayan Dolomiaea,Bhut Kesh,भूत केश
Leycesteria formosa_Himalayan honeysuckle_Ley176,Ley176,Wild/medicinal plant,Leycesteria formosa,Himalayan honeysuckle,Nepali Nigalya,नेपाली निगल्या
Ligularia fischeri_Fischer's Ligularia_Lig177,Lig177,Wild/medicinal plant,Ligularia fischeri,Fischer's Ligularia,Aakhe Phul ko Bhai,आँखे फूलको भाई
Lindenbergia urticaefolia_Indian Lindenbergia_Lin178,Lin178,Wild/medicinal plant,Lindenbergia urticaefolia,Indian Lindenbergia,Ekmukhe Jhar / Yak Mukhe Jhar,एक मुखे झार
Meconopsis horridula_Prickly blue poppy_Mec179,Mec179,Wild/medicinal plant,Meconopsis horridula,Prickly blue poppy,Kyaasar,क्यासर
Meconopsis paniculata_Panicled yellow poppy_Mec180,Mec180,Wild/medicinal plant,Meconopsis paniculata,Panicled yellow poppy,Gyashur,ज्ञाशूर
Nardostachys jatamansi_Spikenard_Nar182,Nar182,Wild/medicinal plant,Nardostachys jatamansi,Spikenard,Jatamasi,जटामसि
Nicandra physaloides_Shoofly plant_Nic183,Nic183,Wild/medicinal plant,Nicandra physaloides,Shoofly plant,Ishwor goli / Dhaturo,इस्वर गोली/ धतूरों
Orthosiphon incurvus_Curved Orthosiphon_Ort184,Ort184,Wild/medicinal plant,Orthosiphon incurvus,Curved Orthosiphon,Thulo Maineri,ठूलो मैनेरी
Orthosiphon rubicundus_Red Java tea_Ort185,Ort185,Wild/medicinal plant,Orthosiphon rubicundus,Red Java tea,Bhideyti,भिड्डेटी
Oxalis corniculata_Creeping wood sorrel_Oxa186,Oxa186,Wild/medicinal plant,Oxalis corniculata,Creeping wood sorrel,Chari Amilo,चारी अमीलों
Oxynia digyna_Mountain sorrel_Oxy187,Oxy187,Wild/medicinal plant,Oxynia digyna,Mountain sorrel,Kalya Bojho,कल्या बोझों
Paeonia emodi_Himalayan peony_Pae188,Pae188,Wild/medicinal plant,Paeonia emodi,Himalayan peony,Chandani,चाँदनी
Papaver somniferum_Opium poppy_Pap189,Pap189,Wild/medicinal plant,Papaver somniferum,Opium poppy,Ophim,अफीम
Parnassia nubicola_Himalayan bog star_Par190,Par190,Wild/medicinal plant,Parnassia nubicola,Himalayan bog star,Ghora Tape,घोर टापे
Pedicularis trichoglossa_Hairy-tongue lousewort_Ped191,Ped191,Wild/medicinal plant,Pedicularis trichoglossa,Hairy-tongue lousewort,?,
Persicaria nepalensis_Nepal knotweed_Per192,Per192,Wild/medicinal plant,Persicaria nepalensis,Nepal knotweed,Sinke Ratnauli / Sano Ratnauli,सीन्के रत्नौली/ सानो रत्नौली
Picrorhiza scrophulariiflora_Figwort Picrorhiza_Pic193,Pic193,Wild/medicinal plant,Picrorhiza scrophulariiflora,Figwort Picrorhiza,Kutki,कुट्की
Pleurospermum angelicoides_Pleurospermum_Ple194,Ple194,Wild/medicinal plant,Pleurospermum angelicoides,Pleurospermum,Napha Jiro,नाफा जीरो
Polygonum aviculare_Common knotgrass_Pol195,Pol195,Wild/medicinal plant,Polygonum aviculare,Common knotgrass,Sui Saag / Ragatmuro,सुइ साग/ रगतमुरों
Potentilla argyrophylla_Silver-leaved cinquefoil_Pot197,Pot197,Wild/medicinal plant,Potentilla argyrophylla,Silver-leaved cinquefoil,Pahelo Chaulya,पहेलो चौल्या
Potentilla nepalensis_Nepal cinquefoil_Pot198,Pot198,Wild/medicinal plant,Potentilla nepalensis,Nepal cinquefoil,?,
Primula denticulata_Drumstick primrose_Pri199,Pri199,Wild/medicinal plant,Primula denticulata,Drumstick primrose,Neccabu,निक्काबु
Rhododendron anthopogon_Dwarf Rhododendron_Rho201,Rho201,Wild/medicinal plant,Rhododendron anthopogon,Dwarf Rhododendron,Sunpati,सुनपाती
Rhododendron arboreum_Tree Rhododendron_Rho202,Rho202,Wild/medicinal plant,Rhododendron arboreum,Tree Rhododendron,Lali Gurans,लालीगुरांस
Rhododendron campanulatum_Bell Rhododendron_Rho203,Rho203,Wild/medicinal plant,Rhododendron campanulatum,Bell Rhododendron,Chimalo,चिमालो
Rhododendron lepidotum_Pink Scaly Rhododendron_Rho204,Rho204,Wild/medicinal plant,Rhododendron lepidotum,Pink Scaly Rhododendron,Sebari jhaar,सेबरी झार
Rivea hypocrateriformis_Midnapore creeper_Riv205,Riv205,Wild/medicinal plant,Rivea hypocrateriformis,Midnapore creeper,Robiniea,रोबीनिया
Rosa brunonii_Himalayan musk rose_Ros206,Ros206,Wild/medicinal plant,Rosa brunonii,Himalayan musk rose,Aaire phul,अैरी फूल
Rosa macrophylla_Himalayan rose_Ros207,Ros207,Wild/medicinal plant,Rosa macrophylla,Himalayan rose,Kuiyesi,कूँएसी
Rubus biflorus_Two-flower raspberry_Rub208,Rub208,Wild/medicinal plant,Rubus biflorus,Two-flower raspberry,Kalo Aniselu,कालो अइंसेलू
Rubus niveus_Mysore raspberry_Rub209,Rub209,Wild/medicinal plant,Rubus niveus,Mysore raspberry,Jogi Aniselu,जोगी अइंसेलू
Salix flabellaris_Himalayan shrub willow_Sal210,Sal210,Wild/medicinal plant,Salix flabellaris,Himalayan shrub willow,Baisa / Lahare Bais / Budhi Bais,"बैस, लहरे बैस/ बूढ़ी बैस"
Salvia hians_Himalayan blue sage_Sal211,Sal211,Wild/medicinal plant,Salvia hians,Himalayan blue sage,Gala Pani,गला पानी
Salvia nubicola_Himalayan yellow sage_Sal212,Sal212,Wild/medicinal plant,Salvia nubicola,Himalayan yellow sage,Gala Pani,गला पानी
Satyrium nepalense_Nepal Satyrium_Sat213,Sat213,Wild/medicinal plant,Satyrium nepalense,Nepal Satyrium,Dhunga / Kagache,ढुँङ्गा/ कगचे
Saussurea gossypiphora_Snowball plant_Sau214,Sau214,Wild/medicinal plant,Saussurea gossypiphora,Snowball plant,Bhutkesh / Nau Mukhe Bhutkes,भूतकेश/ नौ मुखे भूतकेश
Saxifraga diversifolia_Himalayan saxifrage_Sax215,Sax215,Wild/medicinal plant,Saxifraga diversifolia,Himalayan saxifrage,Thople Phul,थोप्ले फूल
Sedum multicaule_Multi-stem sedum_Sed216,Sed216,Wild/medicinal plant,Sedum multicaule,Multi-stem sedum,Bismari,बिषमरी
Senecio chrysanthemoides_Cheerful senecio_Sen217,Sen217,Wild/medicinal plant,Senecio chrysanthemoides,Cheerful senecio,Bijaure Phul / Malika Phul,बिजौरे फूल/ मालिका फूल
Sinopodophyllum hexandrum_Himalayan May apple_Sin219,Sin219,Wild/medicinal plant,Sinopodophyllum hexandrum,Himalayan May apple,Galkaudi,गलकौड़ी
Sonchus wightianus_Wight's sow-thistle_Son220,Son220,Wild/medicinal plant,Sonchus wightianus,Wight's sow-thistle,Dudhe / Mulaapaate / Ban Raayo,दुधे/ मुलापते/ बन रायों
Spiranthes sinensis_Chinese lady's-tresses_Spi221,Spi221,Wild/medicinal plant,Spiranthes sinensis,Chinese lady's-tresses,Sand Kayar,स्याण्ड कयार
Stellera chamaejasme_Himalayan Stellera_Ste222,Ste222,Wild/medicinal plant,Stellera chamaejasme,Himalayan Stellera,Jogi ful / Jogini ful,जोगी फूल/ जोगिनी फूल
Swertia chirayita_Chirayita_Swe223,Swe223,Wild/medicinal plant,Swertia chirayita,Chirayita,Tito,तितो
Tagetes minuta_Wild marigold_Tag225,Tag225,Wild/medicinal plant,Tagetes minuta,Wild marigold,Jangali sayepattri,जंगली सायपत्री
Tanacetum dolichophyllum_Long-leaved tansy_Tan226,Tan226,Wild/medicinal plant,Tanacetum dolichophyllum,Long-leaved tansy,Bayojadi,बायोजड़ी
Taraxacum sp._Dandelion_Tar227,Tar227,Wild/medicinal plant,Taraxacum sp.,Dandelion,Gobe / Gobya,गोबे/ गोब्या
Thermopsis barbata_Black pea_The228,The228,Wild/medicinal plant,Thermopsis barbata,Black pea,?,
Thymus linearis_Himalayan thyme_Thy229,Thy229,Wild/medicinal plant,Thymus linearis,Himalayan thyme,Ghoda Macho,घोडा मचों
Triosteum himalayanum_Himalayan horse-gentian_Tri230,Tri230,Wild/medicinal plant,Triosteum himalayanum,Himalayan horse-gentian,Pompare,पोमपरे
Verbascum thapsus_Great mullein_Ver233,Ver233,Wild/medicinal plant,Verbascum thapsus,Great mullein,Gunyu Puchhar,गुन्यू पुछर
Viola sp._Violet_Vio234,Vio234,Wild/medicinal plant,Viola sp.,Violet,Pyagi,प्याजी
Zanthoxylum armatum_Winged prickly ash_Zan235,Zan235,Wild/medicinal plant,Zanthoxylum armatum,Winged prickly ash,Timur,टिमुर
New species_Gadigaun_New243,New243,Wild/medicinal plant,Rosa sericea,Silky rose,karausi ko phul,करौसी / कूराउसे फूल
New species_Gadigaun_New244,New244,Wild/medicinal plant,Gentiana spp.,Purple gentian,chakure galchi,chakure galchi
New species_Gadigaun_New245,New245,Wild/medicinal plant,Lonicera spp.,White tubular flowers,ruuli phul,रिउलिफिउलि
New species_Gadigaun_New246,New246,NA,NA,NA,NA,NA
New species_Gadigaun_New247,New247,Wild/medicinal plant,Anemone spp.,White anemone,NA,सोतो फुल
New species_Gadigaun_New248,New248,NA,NA,NA,NA,NA
New species_Gadigaun_New249,New249,NA,NA,NA,NA,NA
New species_Gadigaun_New250,New250,NA,NA,NA,NA,NA
New species_Gadigaun_New251,New251,NA,NA,NA,NA,NA
New species_Gadigaun_New252,New252,NA,NA,NA,NA,NA
New species_Gadigaun_New253,New253,NA,NA,NA,NA,NA
New species_Gadigaun_New254,New254,NA,NA,NA,NA,NA
New species_Gadigaun_New255,New255,NA,NA,NA,NA,NA
New species_Gadigaun_New256,New256,NA,NA,NA,NA,NA
New species_Gadigaun_New257,New257,NA,NA,NA,NA,NA
New species_Gadigaun_New258,New258,NA,NA,NA,NA,NA
New species_Gadigaun_New259,New259,NA,NA,NA,NA,NA
New species_Gadigaun_New260,New260,NA,NA,NA,NA,NA
New species_Gadigaun_New261,New261,NA,NA,NA,NA,NA
New species_Gadigaun_New262,New262,NA,NA,NA,NA,NA
New species_Gadigaun_New263,New263,NA,NA,NA,NA,NA
New species_Gadigaun_New264,New264,NA,NA,NA,NA,NA
New species_Gadigaun_New265,New265,NA,NA,NA,NA,NA
New species_Gadigaun_New266,New266,NA,NA,NA,NA,NA
New species_Gadigaun_New267,New267,NA,NA,NA,NA,NA
New species_Gadigaun_New268,New268,NA,NA,NA,NA,NA
New species_Gadigaun_New269,New269,NA,NA,NA,NA,NA
New species_Gadigaun_New270,New270,NA,NA,NA,NA,NA
New species_Gadigaun_New271,New271,NA,NA,NA,NA,NA
New species_Gadigaun_New272,New272,NA,NA,NA,NA,NA
New species_Pere_New273,New273,Wild/medicinal plant,Rosa sericea,Silky rose,karausi ko phul,करौसी / कूराउसे फूल
New species_Pere_New274,New274,Wild/medicinal plant,Lonicera spp.,White tubular flowers,ruuli phul,रिउलिफिउलि
New species_Pere_New275,New275,NA,NA,NA,NA,NA
New species_Pere_New276,New276,NA,NA,NA,NA,NA
New species_Pere_New277,New277,NA,NA,NA,NA,NA
New species_Pere_New278,New278,NA,NA,NA,NA,NA
New species_Pere_New279,New279,NA,NA,NA,NA,NA
New species_Pere_New280,New280,NA,NA,NA,NA,NA
New species_Pere_New281,New281,NA,NA,NA,NA,NA
New species_Pere_New282,New282,NA,NA,NA,NA,NA
New species_Pere_New283,New283,NA,NA,NA,NA,NA
New species_Pere_New284,New284,NA,NA,NA,NA,NA
New species_Pere_New285,New285,NA,NA,NA,NA,NA
New species_Pere_New286,New286,NA,NA,NA,NA,NA
New species_Pere_New287,New287,NA,NA,NA,NA,NA
New species_Pere_New288,New288,NA,NA,NA,NA,NA
New species_Pere_New289,New289,NA,NA,NA,NA,NA
New species_Pere_New290,New290,NA,NA,NA,NA,NA
New species_Pere_New291,New291,NA,NA,NA,NA,NA
New species_Pere_New292,New292,NA,NA,NA,NA,NA
New species_Pere_New293,New293,NA,NA,NA,NA,NA
New species_Pere_New294,New294,NA,NA,NA,NA,NA
New species_Pere_New295,New295,NA,NA,NA,NA,NA
New species_Pere_New296,New296,NA,NA,NA,NA,NA
New species_Pere_New297,New297,NA,NA,NA,NA,NA
New species_Pere_New298,New298,NA,NA,NA,NA,NA
New species_Pere_New299,New299,NA,NA,NA,NA,NA
New species_Pere_New300,New300,NA,NA,NA,NA,NA
New species_Pere_New301,New301,NA,NA,NA,NA,NA
New species_Pere_New302,New302,NA,NA,NA,NA,NA
New species_Chuma_New303,New303,Wild/medicinal plant,Rosa sericea,Silky rose,karausi ko phul,करौसी / कूराउसे फूल
New species_Chuma_New304,New304,NA,NA,NA,NA,NA
New species_Chuma_New305,New305,NA,NA,NA,NA,NA
New species_Chuma_New306,New306,NA,NA,NA,NA,NA
New species_Chuma_New307,New307,NA,NA,NA,NA,NA
New species_Chuma_New308,New308,NA,NA,NA,NA,NA
New species_Chuma_New309,New309,NA,NA,NA,NA,NA
New species_Chuma_New310,New310,NA,NA,NA,NA,NA
New species_Chuma_New311,New311,NA,NA,NA,NA,NA
New species_Chuma_New312,New312,NA,NA,NA,NA,NA
New species_Chuma_New313,New313,NA,NA,NA,NA,NA
New species_Chuma_New314,New314,NA,NA,NA,NA,NA
New species_Chuma_New315,New315,NA,NA,NA,NA,NA
New species_Chuma_New316,New316,NA,NA,NA,NA,NA
New species_Chuma_New317,New317,NA,NA,NA,NA,NA
New species_Chuma_New318,New318,NA,NA,NA,NA,NA
New species_Chuma_New319,New319,NA,NA,NA,NA,NA
New species_Chuma_New320,New320,NA,NA,NA,NA,NA
New species_Chuma_New321,New321,NA,NA,NA,NA,NA
New species_Chuma_New322,New322,NA,NA,NA,NA,NA
New species_Chuma_New323,New323,NA,NA,NA,NA,NA
New species_Chuma_New324,New324,NA,NA,NA,NA,NA
New species_Chuma_New325,New325,NA,NA,NA,NA,NA
New species_Chuma_New326,New326,NA,NA,NA,NA,NA
New species_Chuma_New327,New327,NA,NA,NA,NA,NA
New species_Chuma_New328,New328,NA,NA,NA,NA,NA
New species_Chuma_New329,New329,NA,NA,NA,NA,NA
New species_Chuma_New330,New330,NA,NA,NA,NA,NA
New species_Chuma_New331,New331,NA,NA,NA,NA,NA
New species_Chuma_New332,New332,NA,NA,NA,NA,NA
New species_Chauraa_New333,New333,Wild/medicinal plant,Capsella bursa-pastoris,Shepherd's purse,NA,झ्याजे / चाले फुल / चाल्य
New species_Chauraa_New334,New334,Wild/medicinal plant,Rosa sericea,Silky rose,karausi ko phul,करौसी / कूराउसे फूल
New species_Chauraa_New335,New335,Wild/medicinal plant,Mazus spp.,Mazus,NA,चुटुकी फुल
New species_Chauraa_New336,New336,Wild/medicinal plant,Gagea spp.,Gagea,NA,गल्छी / काल ढुस्की फूल / काग पिनारा
New species_Chauraa_New337,New337,Wild/medicinal plant,Gentiana spp.,Purple gentian,chakure galchi,chakure galchi
New species_Chauraa_New338,New338,Wild/medicinal plant,Erigeron spp.,Fleabane,NA,गौरि फुल
New species_Chauraa_New339,New339,Wild/medicinal plant,Gagea spp.,Gagea,NA,गल्छी / काल ढुस्की फूल / काग पिनारा
New species_Chauraa_New340,New340,NA,NA,NA,NA,NA
New species_Chauraa_New341,New341,NA,NA,NA,NA,NA
New species_Chauraa_New342,New342,NA,NA,NA,NA,NA
New species_Chauraa_New343,New343,NA,NA,NA,NA,NA
New species_Chauraa_New344,New344,NA,NA,NA,NA,NA
New species_Chauraa_New345,New345,NA,NA,NA,NA,NA
New species_Chauraa_New346,New346,NA,NA,NA,NA,NA
New species_Chauraa_New347,New347,NA,NA,NA,NA,NA
New species_Chauraa_New348,New348,NA,NA,NA,NA,NA
New species_Chauraa_New349,New349,NA,NA,NA,NA,NA
New species_Chauraa_New350,New350,NA,NA,NA,NA,NA
New species_Chauraa_New351,New351,NA,NA,NA,NA,NA
New species_Chauraa_New352,New352,NA,NA,NA,NA,NA
New species_Chauraa_New353,New353,NA,NA,NA,NA,NA
New species_Chauraa_New354,New354,NA,NA,NA,NA,NA
New species_Chauraa_New355,New355,NA,NA,NA,NA,NA
New species_Chauraa_New356,New356,NA,NA,NA,NA,NA
New species_Chauraa_New357,New357,NA,NA,NA,NA,NA
New species_Chauraa_New358,New358,NA,NA,NA,NA,NA
New species_Chauraa_New359,New359,NA,NA,NA,NA,NA
New species_Chauraa_New360,New360,NA,NA,NA,NA,NA
New species_Chauraa_New361,New361,NA,NA,NA,NA,NA
New species_Chauraa_New362,New362,NA,NA,NA,NA,NA
New species_Luma_New363,New363,Wild/medicinal plant,Unknown,Brown flower bunches,NA,गरूली
New species_Luma_New364,New364,Wild/medicinal plant,Pteridium spp.,Bracken,NA,अइनो
New species_Luma_New365,New365,Wild/medicinal plant,Gagea spp.,Gagea,NA,गल्छी / काल ढुस्की फूल / काग पिनारा
New species_Luma_New366,New366,Wild/medicinal plant,Rosa sericea,Silky rose,karausi ko phul,करौसी / कूराउसे फूल
New species_Luma_New367,New367,Wild/medicinal plant,Lonicera spp.,White tubular flowers,ruuli phul,रिउलिफिउलि
New species_Luma_New368,New368,NA,NA,NA,NA,NA
New species_Luma_New369,New369,NA,NA,NA,NA,NA
New species_Luma_New370,New370,NA,NA,NA,NA,NA
New species_Luma_New371,New371,NA,NA,NA,NA,NA
New species_Luma_New372,New372,NA,NA,NA,NA,NA
New species_Luma_New373,New373,NA,NA,NA,NA,NA
New species_Luma_New374,New374,NA,NA,NA,NA,NA
New species_Luma_New375,New375,NA,NA,NA,NA,NA
New species_Luma_New376,New376,NA,NA,NA,NA,NA
New species_Luma_New377,New377,NA,NA,NA,NA,NA
New species_Luma_New378,New378,NA,NA,NA,NA,NA
New species_Luma_New379,New379,NA,NA,NA,NA,NA
New species_Luma_New380,New380,NA,NA,NA,NA,NA
New species_Luma_New381,New381,NA,NA,NA,NA,NA
New species_Luma_New382,New382,NA,NA,NA,NA,NA
New species_Luma_New383,New383,NA,NA,NA,NA,NA
New species_Luma_New384,New384,NA,NA,NA,NA,NA
New species_Luma_New385,New385,NA,NA,NA,NA,NA
New species_Luma_New386,New386,NA,NA,NA,NA,NA
New species_Luma_New387,New387,NA,NA,NA,NA,NA
New species_Luma_New388,New388,NA,NA,NA,NA,NA
New species_Luma_New389,New389,NA,NA,NA,NA,NA
New species_Luma_New390,New390,NA,NA,NA,NA,NA
New species_Luma_New391,New391,NA,NA,NA,NA,NA
New species_Luma_New392,New392,NA,NA,NA,NA,NA
New species_Tirkhu_New393,New393,Wild/medicinal plant,Capsella bursa-pastoris,Shepherd's purse,NA,झ्याजे / चाले फुल / चाल्य
New species_Tirkhu_New394,New394,Wild/medicinal plant,Lonicera spp.,White tubular flowers,ruuli phul,रिउलिफिउलि
New species_Tirkhu_New395,New395,Wild/medicinal plant,Rosa sericea,Silky rose,karausi ko phul,करौसी / कूराउसे फूल
New species_Tirkhu_New396,New396,Wild/medicinal plant,Thlaspi arvense,Field penny-cress,NA,सोल्या
New species_Tirkhu_New397,New397,Wild/medicinal plant,Gagea spp.,Gagea,NA,गल्छी / काल ढुस्की फूल / काग पिनारा
New species_Tirkhu_New398,New398,NA,NA,NA,NA,NA
New species_Tirkhu_New399,New399,NA,NA,NA,NA,NA
New species_Tirkhu_New400,New400,NA,NA,NA,NA,NA
New species_Tirkhu_New401,New401,NA,NA,NA,NA,NA
New species_Tirkhu_New402,New402,Wild/medicinal plant,Viburnum cotinifolium,Viburnum,NA,बुन्चरे
New species_Tirkhu_New403,New403,NA,NA,NA,NA,NA
New species_Tirkhu_New404,New404,NA,NA,NA,NA,NA
New species_Tirkhu_New405,New405,NA,NA,NA,NA,NA
New species_Tirkhu_New406,New406,NA,NA,NA,NA,NA
New species_Tirkhu_New407,New407,NA,NA,NA,NA,NA
New species_Tirkhu_New408,New408,NA,NA,NA,NA,NA
New species_Tirkhu_New409,New409,NA,NA,NA,NA,NA
New species_Tirkhu_New410,New410,NA,NA,NA,NA,NA
New species_Tirkhu_New411,New411,NA,NA,NA,NA,NA
New species_Tirkhu_New412,New412,NA,NA,NA,NA,NA
New species_Tirkhu_New413,New413,NA,NA,NA,NA,NA
New species_Tirkhu_New414,New414,NA,NA,NA,NA,NA
New species_Tirkhu_New415,New415,NA,NA,NA,NA,NA
New species_Tirkhu_New416,New416,NA,NA,NA,NA,NA
New species_Tirkhu_New417,New417,NA,NA,NA,NA,NA
New species_Tirkhu_New418,New418,NA,NA,NA,NA,NA
New species_Tirkhu_New419,New419,NA,NA,NA,NA,NA
New species_Tirkhu_New420,New420,NA,NA,NA,NA,NA
New species_Tirkhu_New421,New421,NA,NA,NA,NA,NA
New species_Tirkhu_New422,New422,NA,NA,NA,NA,NA
New species_Lorpa_New423,New423,Wild/medicinal plant,Berberis spp.,Berberis,NA,सानो चोत्ता काडा
New species_Lorpa_New424,New424,NA,NA,NA,NA,NA
New species_Lorpa_New425,New425,NA,NA,NA,NA,NA
New species_Lorpa_New426,New426,NA,NA,NA,NA,NA
New species_Lorpa_New427,New427,NA,NA,NA,NA,NA
New species_Lorpa_New428,New428,NA,NA,NA,NA,NA
New species_Lorpa_New429,New429,NA,NA,NA,NA,NA
New species_Lorpa_New430,New430,NA,NA,NA,NA,NA
New species_Lorpa_New431,New431,NA,NA,NA,NA,NA
New species_Lorpa_New432,New432,NA,NA,NA,NA,NA
New species_Lorpa_New433,New433,NA,NA,NA,NA,NA
New species_Lorpa_New434,New434,NA,NA,NA,NA,NA
New species_Lorpa_New435,New435,NA,NA,NA,NA,NA
New species_Lorpa_New436,New436,NA,NA,NA,NA,NA
New species_Lorpa_New437,New437,NA,NA,NA,NA,NA
New species_Lorpa_New438,New438,NA,NA,NA,NA,NA
New species_Lorpa_New439,New439,NA,NA,NA,NA,NA
New species_Lorpa_New440,New440,NA,NA,NA,NA,NA
New species_Lorpa_New441,New441,NA,NA,NA,NA,NA
New species_Lorpa_New442,New442,NA,NA,NA,NA,NA
New species_Lorpa_New443,New443,NA,NA,NA,NA,NA
New species_Lorpa_New444,New444,NA,NA,NA,NA,NA
New species_Lorpa_New445,New445,NA,NA,NA,NA,NA
New species_Lorpa_New446,New446,NA,NA,NA,NA,NA
New species_Lorpa_New447,New447,NA,NA,NA,NA,NA
New species_Lorpa_New448,New448,NA,NA,NA,NA,NA
New species_Lorpa_New449,New449,NA,NA,NA,NA,NA
New species_Lorpa_New450,New450,NA,NA,NA,NA,NA
New species_Lorpa_New451,New451,NA,NA,NA,NA,NA
New species_Lorpa_New452,New452,NA,NA,NA,NA,NA
New species_Urthu_New453,New453,Crop - vegetable,Cucurbita pepo,Bitter bottle gourd,NA,चुकेनी फसी
New species_Urthu_New454,New454,NA,NA,NA,NA,NA
New species_Urthu_New455,New455,NA,NA,NA,NA,NA
New species_Urthu_New456,New456,NA,NA,NA,NA,NA
New species_Urthu_New457,New457,NA,NA,NA,NA,NA
New species_Urthu_New458,New458,NA,NA,NA,NA,NA
New species_Urthu_New459,New459,NA,NA,NA,NA,NA
New species_Urthu_New460,New460,NA,NA,NA,NA,NA
New species_Urthu_New461,New461,NA,NA,NA,NA,NA
New species_Urthu_New462,New462,NA,NA,NA,NA,NA
New species_Urthu_New463,New463,NA,NA,NA,NA,NA
New species_Urthu_New464,New464,NA,NA,NA,NA,NA
New species_Urthu_New465,New465,NA,NA,NA,NA,NA
New species_Urthu_New466,New466,NA,NA,NA,NA,NA
New species_Urthu_New467,New467,NA,NA,NA,NA,NA
New species_Urthu_New468,New468,NA,NA,NA,NA,NA
New species_Urthu_New469,New469,NA,NA,NA,NA,NA
New species_Urthu_New470,New470,NA,NA,NA,NA,NA
New species_Urthu_New471,New471,NA,NA,NA,NA,NA
New species_Urthu_New472,New472,NA,NA,NA,NA,NA
New species_Urthu_New473,New473,NA,NA,NA,NA,NA
New species_Urthu_New474,New474,NA,NA,NA,NA,NA
New species_Urthu_New475,New475,NA,NA,NA,NA,NA
New species_Urthu_New476,New476,NA,NA,NA,NA,NA
New species_Urthu_New477,New477,NA,NA,NA,NA,NA
New species_Urthu_New478,New478,NA,NA,NA,NA,NA
New species_Urthu_New479,New479,NA,NA,NA,NA,NA
New species_Urthu_New480,New480,NA,NA,NA,NA,NA
New species_Urthu_New481,New481,NA,NA,NA,NA,NA
New species_Urthu_New482,New482,NA,NA,NA,NA,NA
New species_Patmara_New483,New483,Wild/medicinal plant,Erysimum spp.,Wallflower,NA,तितान्नो
New species_Patmara_New484,New484,Wild/medicinal plant,Capsella bursa-pastoris,Shepherd's purse,NA,झ्याजे / चाले फुल / चाल्य
New species_Patmara_New485,New485,Wild/medicinal plant,Capsella bursa-pastoris,Shepherd's purse,NA,झ्याजे / चाले फुल / चाल्य
New species_Patmara_New486,New486,Wild/medicinal plant,Descurainia pinnata,Tansy mustard,NA,झ्यज्य
New species_Patmara_New487,New487,Wild/medicinal plant,Lonicera spp.,White tubular flowers,ruuli phul,रिउलिफिउलि
New species_Patmara_New488,New488,Wild/medicinal plant,Thymus linearis,Himalayan thyme,NA,घोडेली फुल
New species_Patmara_New489,New489,Wild/medicinal plant,Anemone spp.,White anemone,NA,सोतो फुल
New species_Patmara_New490,New490,NA,NA,NA,NA,NA
New species_Patmara_New491,New491,NA,NA,NA,NA,NA
New species_Patmara_New492,New492,NA,NA,NA,NA,NA
New species_Patmara_New493,New493,NA,NA,NA,NA,NA
New species_Patmara_New494,New494,NA,NA,NA,NA,NA
New species_Patmara_New495,New495,NA,NA,NA,NA,NA
New species_Patmara_New496,New496,NA,NA,NA,NA,NA
New species_Patmara_New497,New497,NA,NA,NA,NA,NA
New species_Patmara_New498,New498,NA,NA,NA,NA,NA
New species_Patmara_New499,New499,NA,NA,NA,NA,NA
New species_Patmara_New500,New500,NA,NA,NA,NA,NA
New species_Patmara_New501,New501,NA,NA,NA,NA,NA
New species_Patmara_New502,New502,NA,NA,NA,NA,NA
New species_Patmara_New503,New503,NA,NA,NA,NA,NA
New species_Patmara_New504,New504,NA,NA,NA,NA,NA
New species_Patmara_New505,New505,NA,NA,NA,NA,NA
New species_Patmara_New506,New506,NA,NA,NA,NA,NA
New species_Patmara_New507,New507,NA,NA,NA,NA,NA
New species_Patmara_New508,New508,NA,NA,NA,NA,NA
New species_Patmara_New509,New509,NA,NA,NA,NA,NA
New species_Patmara_New510,New510,NA,NA,NA,NA,NA
New species_Patmara_New511,New511,NA,NA,NA,NA,NA
New species_Patmara_New512,New512,NA,NA,NA,NA,NA
New species_Rini_New513,New513,Wild/medicinal plant,Gentiana spp.,White gentian,NA,गान्दी फुल
New species_Rini_New514,New514,Wild/medicinal plant,Geranium spp. ?,Geranium ?,NA,पाच पाते फूल
New species_Rini_New515,New515,Wild/medicinal plant,Gagea spp.,Gagea,NA,गल्छी / काल ढुस्की फूल / काग पिनारा
New species_Rini_New516,New516,NA,NA,NA,NA,NA
New species_Rini_New517,New517,NA,NA,NA,NA,NA
New species_Rini_New518,New518,NA,NA,NA,NA,NA
New species_Rini_New519,New519,NA,NA,NA,NA,NA
New species_Rini_New520,New520,NA,NA,NA,NA,NA
New species_Rini_New521,New521,NA,NA,NA,NA,NA
New species_Rini_New522,New522,NA,NA,NA,NA,NA
New species_Rini_New523,New523,NA,NA,NA,NA,NA
New species_Rini_New524,New524,NA,NA,NA,NA,NA
New species_Rini_New525,New525,NA,NA,NA,NA,NA
New species_Rini_New526,New526,NA,NA,NA,NA,NA
New species_Rini_New527,New527,NA,NA,NA,NA,NA
New species_Rini_New528,New528,NA,NA,NA,NA,NA
New species_Rini_New529,New529,NA,NA,NA,NA,NA
New species_Rini_New530,New530,NA,NA,NA,NA,NA
New species_Rini_New531,New531,NA,NA,NA,NA,NA
New species_Rini_New532,New532,NA,NA,NA,NA,NA
New species_Rini_New533,New533,NA,NA,NA,NA,NA
New species_Rini_New534,New534,NA,NA,NA,NA,NA
New species_Rini_New535,New535,NA,NA,NA,NA,NA
New species_Rini_New536,New536,NA,NA,NA,NA,NA
New species_Rini_New537,New537,NA,NA,NA,NA,NA
New species_Rini_New538,New538,NA,NA,NA,NA,NA
New species_Rini_New539,New539,NA,NA,NA,NA,NA
New species_Rini_New540,New540,NA,NA,NA,NA,NA
New species_Rini_New541,New541,NA,NA,NA,NA,NA
New species_Rini_New542,New542,NA,NA,NA,NA,NA