<?xml version="1.0"?>
<h:html xmlns="http://www.w3.org/2002/xforms" xmlns:ev="http://www.w3.org/2001/xml-events" xmlns:h="http://www.w3.org/1999/xhtml" xmlns:jr="http://openrosa.org/javarosa" xmlns:odk="http://www.opendatakit.org/xforms" xmlns:orx="http://openrosa.org/xforms" xmlns:xsd="http://www.w3.org/2001/XMLSchema">
  <h:head>
    <h:title>CAP 2030 - Plant Atlas Jumla</h:title>
    <model odk:xforms-version="1.0.0">
      <itext>
        <translation lang="English (en)">
          <text id="/a6n2dAeEJouV7L93jAweUD/crop_wild:label">
            <value>Is this a crop plant or a wild plant</value>
          </text>
          <text id="/a6n2dAeEJouV7L93jAweUD/crop_wild/1:label">
            <value>Crop plant</value>
          </text>
          <text id="/a6n2dAeEJouV7L93jAweUD/crop_wild/0:label">
            <value>Wild plant</value>
          </text>
          <text id="/a6n2dAeEJouV7L93jAweUD/plant_in_altas:label">
            <value>Can you find the plant in the plant atlas?</value>
          </text>
          <text id="/a6n2dAeEJouV7L93jAweUD/plant_in_altas/1:label">
            <value>Yes</value>
          </text>
          <text id="/a6n2dAeEJouV7L93jAweUD/plant_in_altas/0:label">
            <value>No</value>
          </text>
          <text id="/a6n2dAeEJouV7L93jAweUD/plant_barcode:label">
            <value>Scan the barcode of the plant species which you are recording. 

There are many plants which look very similar to each other so please make sure that it is definitely this plant and not one which looks similar. 

You should look carefully at the shape of the leaves and the flower to make sure it matches the picture in the atlas</value>
          </text>
          <text id="/a6n2dAeEJouV7L93jAweUD/confirm_plant:label">
            <value> You have chosen this species of plant:&lt;br&gt;Plant nepali name: &lt;span style=&quot;color:#FB7500&quot;&gt;<output value=" /a6n2dAeEJouV7L93jAweUD/plant_nep_name "/> (<output value=" /a6n2dAeEJouV7L93jAweUD/plant_nep_name_eng "/>)&lt;/span&gt;&lt;br&gt;Plant english name: &lt;span style=&quot;color:#FB7500&quot;&gt;<output value=" /a6n2dAeEJouV7L93jAweUD/plant_eng_name "/>&lt;/span&gt;&lt;br&gt;Scientific name: &lt;span style=&quot;color:#FB7500&quot;&gt;<output value=" /a6n2dAeEJouV7L93jAweUD/sci_name "/>&lt;/span&gt;
&lt;br&gt;&lt;br&gt;Is that correct?&lt;br&gt;If it is not correct, please swipe back and re-scan the correct barcode </value>
          </text>
          <text id="/a6n2dAeEJouV7L93jAweUD/not_in_atlas:label">
            <value>The plant which you are recording does not appear in the plant atlas so you are now going to record this plant as a new entry. 

You will give it a name, record it in your plant atlas and take some photographs of it.</value>
          </text>
          <text id="/a6n2dAeEJouV7L93jAweUD/know_local_name:label">
            <value>Do you know the local name of this plant?</value>
          </text>
          <text id="/a6n2dAeEJouV7L93jAweUD/know_local_name/1:label">
            <value>Yes</value>
          </text>
          <text id="/a6n2dAeEJouV7L93jAweUD/know_local_name/0:label">
            <value>No</value>
          </text>
          <text id="/a6n2dAeEJouV7L93jAweUD/local_name:label">
            <value>Write the local name of the plant</value>
          </text>
          <text id="/a6n2dAeEJouV7L93jAweUD/own_name:label">
            <value>Give this plant your own name. 
 
 Make it a short name that you will remember and which describes the plant in some way. It must not be the same as the name for any other plant species. 
 
 This is the name you will use for this plant every time you record it again</value>
          </text>
          <text id="/a6n2dAeEJouV7L93jAweUD/plant_picture_info:label">
            <value>You are now going to take some photographs of the plant from different angles. For all pictures, please follow these instructions:

1) Make sure the plant is still (i.e. not moving around with wind) 

2) Avoid getting lots of other plants in the same picture. To avoid this you can put a piece of paper behind the plant so that it is totally clear.

3) Do not bring the camera too close to the flower/leaf. It is better to keep the camera 30 cm away and zoom in on the flower

4) Make sure the plant is in-focus and not blurred in the picture

5) Avoid taking the picture in very bright harsh sunlight. If it is easier, you can pick a stem with leaves and flower from the plant and move it to a place with better light where the picture will be more clear

6) If any of the pictures aren't clear just re-take them before moving on</value>
          </text>
          <text id="/a6n2dAeEJouV7L93jAweUD/flower_seen:label">
            <value>Did you see any flower on the plant?</value>
          </text>
          <text id="/a6n2dAeEJouV7L93jAweUD/flower_seen/1:label">
            <value>Yes</value>
          </text>
          <text id="/a6n2dAeEJouV7L93jAweUD/flower_seen/0:label">
            <value>No</value>
          </text>
          <text id="/a6n2dAeEJouV7L93jAweUD/flower_above_image:label">
            <value>Take a zoomed-in picture looking directly into the face of the flower. 

Make sure the whole flower is clearly visible and is in the middle of the screen. 

Do not include flowers from other plant species in the picture</value>
          </text>
          <text id="/a6n2dAeEJouV7L93jAweUD/flower_side_image:label">
            <value>Now take a zoomed-in picture of the flower from the side so that we can see its sides, not just its top. 

Try not to include other plant species in the picture.</value>
          </text>
          <text id="/a6n2dAeEJouV7L93jAweUD/leaves_image:label">
            <value>Now take a clear picture of its leaves from above. 

If the leaves are arranged along a stem, take a picture of the whole stem, not just one leaf. 

Try not to get the leaves from any other plant species in the picture.</value>
          </text>
          <text id="/a6n2dAeEJouV7L93jAweUD/whole_plant_image:label">
            <value>Now take one picture of the whole plant so that the top of ithe plant right down to the soil are visible and we can see where it is growing. 

This time, you should include something like a pencil or a bag in the picture to give an idea of the size of the plant.</value>
          </text>
          <text id="/a6n2dAeEJouV7L93jAweUD/plant_feature_image:label">
            <value>If there are any other distinctive features of the plant like seeds or berries, please take a picture of these now. 

Otherwise, you can skip to the next page</value>
          </text>
          <text id="/a6n2dAeEJouV7L93jAweUD/flower_abun:label">
            <value>Now please give these flowers an abundance score by estimating how many OPEN flowers there are in your quadrat. 

You do not need to count every flower - just give an approximate abundance measure:</value>
          </text>
          <text id="/a6n2dAeEJouV7L93jAweUD/flower_abun/1:label">
            <value>Rare (just a few individual flowers scattered throughout the area)</value>
          </text>
          <text id="/a6n2dAeEJouV7L93jAweUD/flower_abun/2:label">
            <value>Scattered (appears in small numbers or isolated patches around the area)</value>
          </text>
          <text id="/a6n2dAeEJouV7L93jAweUD/flower_abun/3:label">
            <value>Common (appears regularly throughout the area)</value>
          </text>
          <text id="/a6n2dAeEJouV7L93jAweUD/insect_on_flower:label">
            <value>Did you see any insects visiting the flowers of this plant?</value>
          </text>
          <text id="/a6n2dAeEJouV7L93jAweUD/insect_on_flower/1:label">
            <value>No insects not seen on flowers</value>
          </text>
          <text id="/a6n2dAeEJouV7L93jAweUD/insect_on_flower/2:label">
            <value>Yes insects seen visiting flowers</value>
          </text>
          <text id="/a6n2dAeEJouV7L93jAweUD/pollinator_type:label">
            <value>What type of insects did you see visiting flowers? 

Please choose the type of insect from the following list:</value>
          </text>
          <text id="/a6n2dAeEJouV7L93jAweUD/pollinator_type/1:label">
            <value>Honeybee</value>
          </text>
          <text id="/a6n2dAeEJouV7L93jAweUD/pollinator_type/2:label">
            <value>Bumblebee</value>
          </text>
          <text id="/a6n2dAeEJouV7L93jAweUD/pollinator_type/3:label">
            <value>Solitary bee</value>
          </text>
          <text id="/a6n2dAeEJouV7L93jAweUD/pollinator_type/4:label">
            <value>Fly</value>
          </text>
          <text id="/a6n2dAeEJouV7L93jAweUD/pollinator_type/5:label">
            <value>Butterfly</value>
          </text>
          <text id="/a6n2dAeEJouV7L93jAweUD/pollinator_type/6:label">
            <value>Moth</value>
          </text>
          <text id="/a6n2dAeEJouV7L93jAweUD/pollinator_type/7:label">
            <value>Wasp</value>
          </text>
          <text id="/a6n2dAeEJouV7L93jAweUD/pollinator_type/8:label">
            <value>Beetle</value>
          </text>
          <text id="/a6n2dAeEJouV7L93jAweUD/pollinator_type/9:label">
            <value>Unknown</value>
          </text>
          <text id="/a6n2dAeEJouV7L93jAweUD/pest_seen:label">
            <value>Did you see any insects/ molluscs or other animal that looked like they were pests of this plant?</value>
          </text>
          <text id="/a6n2dAeEJouV7L93jAweUD/pest_seen/1:label">
            <value>Yes insects pests seen</value>
          </text>
          <text id="/a6n2dAeEJouV7L93jAweUD/pest_seen/0:label">
            <value>No insects pests not seen</value>
          </text>
          <text id="/a6n2dAeEJouV7L93jAweUD/pest_on_plant:label">
            <value>What type of pest did you see?</value>
          </text>
          <text id="/a6n2dAeEJouV7L93jAweUD/pest_on_plant/1:label">
            <value>Caterpillar eating leaves</value>
          </text>
          <text id="/a6n2dAeEJouV7L93jAweUD/pest_on_plant/2:label">
            <value>Aphid</value>
          </text>
          <text id="/a6n2dAeEJouV7L93jAweUD/pest_on_plant/3:label">
            <value>Beetle</value>
          </text>
          <text id="/a6n2dAeEJouV7L93jAweUD/pest_on_plant/4:label">
            <value>Grasshopper</value>
          </text>
          <text id="/a6n2dAeEJouV7L93jAweUD/pest_on_plant/5:label">
            <value>Fall army worm</value>
          </text>
          <text id="/a6n2dAeEJouV7L93jAweUD/pest_on_plant/6:label">
            <value>Snail</value>
          </text>
          <text id="/a6n2dAeEJouV7L93jAweUD/pest_on_plant/7:label">
            <value>Slug</value>
          </text>
          <text id="/a6n2dAeEJouV7L93jAweUD/pest_on_plant/8:label">
            <value>Other</value>
          </text>
          <text id="/a6n2dAeEJouV7L93jAweUD/photo_pest_effect:label">
            <value>Take a photo of the pest or the effect of the pest on the plant</value>
          </text>
          <text id="/a6n2dAeEJouV7L93jAweUD/disease_seen:label">
            <value>Did you see any disease that is affecting this plant?</value>
          </text>
          <text id="/a6n2dAeEJouV7L93jAweUD/disease_seen/1:label">
            <value>Yes plant disease seen</value>
          </text>
          <text id="/a6n2dAeEJouV7L93jAweUD/disease_seen/0:label">
            <value>No plant disease not seen</value>
          </text>
          <text id="/a6n2dAeEJouV7L93jAweUD/disease_on_plant:label">
            <value>What type of plant disease did you see?</value>
          </text>
          <text id="/a6n2dAeEJouV7L93jAweUD/disease_on_plant/1:label">
            <value>Fungal disease</value>
          </text>
          <text id="/a6n2dAeEJouV7L93jAweUD/disease_on_plant/2:label">
            <value>Other plant disease</value>
          </text>
          <text id="/a6n2dAeEJouV7L93jAweUD/photo_disease:label">
            <value>Take a photo of the disease</value>
          </text>
          <text id="/a6n2dAeEJouV7L93jAweUD/gps:label">
            <value>Location</value>
          </text>
        </translation>
        <translation default="true()" lang="नेपाली (ne)">
          <text id="/a6n2dAeEJouV7L93jAweUD/crop_wild:label">
            <value>यो बिरुवा खेती गरिएको हो कि जंगली हो?</value>
          </text>
          <text id="/a6n2dAeEJouV7L93jAweUD/crop_wild/1:label">
            <value>खेती गरिएको बिरुवा</value>
          </text>
          <text id="/a6n2dAeEJouV7L93jAweUD/crop_wild/0:label">
            <value>जंगली बिरुवा</value>
          </text>
          <text id="/a6n2dAeEJouV7L93jAweUD/plant_in_altas:label">
            <value>के तपाईंले उक्त बिरुवा प्लान्ट एटलस मा भेट्नुभयो ?</value>
          </text>
          <text id="/a6n2dAeEJouV7L93jAweUD/plant_in_altas/1:label">
            <value>भेटे</value>
          </text>
          <text id="/a6n2dAeEJouV7L93jAweUD/plant_in_altas/0:label">
            <value>भेटिन</value>
          </text>
          <text id="/a6n2dAeEJouV7L93jAweUD/plant_barcode:label">
            <value>तपाईले रेकर्ड गर्न लागेको बिरुवाको प्रजातिको बारकोड स्क्यान गर्नुहोस्। 

एक-अर्कासंग उस्तै देखिने धेरै बिरुवाहरु हुन्छन् त्यसैले बिरुवा अन्यसंग मिल्ने खालको नभएको र छुट्टै बिरुवा हो भन्ने कुरा सुनुश्चित गर्नुहोस्। 

मानचत्रावलीमा भएको बिरुवासंग मिलेको कुरा सुनिश्चित गर्नका लागि तपाईले बिरुवाको पात र फूललाई राम्रोसंग हेर्नुपर्दछ।</value>
          </text>
          <text id="/a6n2dAeEJouV7L93jAweUD/confirm_plant:label">
            <value> तपाईले यो प्रजातिको बिरुवा छनौट गर्नुभयोः&lt;br&gt;बिरुवाको नेपाली नाम: &lt;span style=&quot;color:#FB7500&quot;&gt;<output value=" /a6n2dAeEJouV7L93jAweUD/plant_nep_name "/> (<output value=" /a6n2dAeEJouV7L93jAweUD/plant_nep_name_eng "/>)&lt;/span&gt;&lt;br&gt;बिरुवाको अंग्रेजी नाम: &lt;span style=&quot;color:#FB7500&quot;&gt;<output value=" /a6n2dAeEJouV7L93jAweUD/plant_eng_name "/>&lt;/span&gt;&lt;br&gt;बैज्ञानिक नाम: &lt;span style=&quot;color:#FB7500&quot;&gt;<output value=" /a6n2dAeEJouV7L93jAweUD/sci_name "/>&lt;/span&gt;&lt;br&gt;&lt;br&gt;के यो सही छ?&lt;br&gt; यदि सही छैन भने, कृपया बाँया स्वाईप गर्नुहोस् र सही बारकोड पुनः स्क्यान गर्नुहोस्। </value>
          </text>
          <text id="/a6n2dAeEJouV7L93jAweUD/not_in_atlas:label">
            <value>तपाईले रेकर्ड गर्न लागेको बिरुवा मानचित्रावलीमा देखा पर्दैन त्यसैले अब तपाई यस बिरुवालाई नँया बिरुवाको रुपमा रेकर्ड गर्न जाँदै हुनुहुन्छ।

तपाईले यसलाई नाम दिनुपर्नेछ, बिरुवा मानचत्रावली(atlas) मा रेकर्ड गर्नुहुनेछ र यसको केही फोटोहरु खिच्‍नुहुनेछ।</value>
          </text>
          <text id="/a6n2dAeEJouV7L93jAweUD/know_local_name:label">
            <value>तपाईलाई यस बिरुवाको स्थानिय नाम थाहा छ?</value>
          </text>
          <text id="/a6n2dAeEJouV7L93jAweUD/know_local_name/1:label">
            <value>थाहा छ</value>
          </text>
          <text id="/a6n2dAeEJouV7L93jAweUD/know_local_name/0:label">
            <value>थाहा छैन</value>
          </text>
          <text id="/a6n2dAeEJouV7L93jAweUD/local_name:label">
            <value>बिरुवाको स्थानिय नाम लेख्नुहोस।</value>
          </text>
          <text id="/a6n2dAeEJouV7L93jAweUD/own_name:label">
            <value>यस बिरुवालाई तपाईले आफै नाम दिनुहोस्।
 
 बिरुवालाई कुनै तरिकाले वर्णन गर्ने र तपाईले सम्झने छोटो नाम बनाउनुहोस्। यसको नाम अन्य बिरुवाको प्रजातिलाई दिएको नाम जस्तै हुनुहुदैन।
 
 यो नाम तपाईले अर्को चोटी यस बिरुवालाई रेकर्ड गर्दा प्रयोग गर्नुहुनेछ।</value>
          </text>
          <text id="/a6n2dAeEJouV7L93jAweUD/plant_picture_info:label">
            <value>अब तपाईले विभिन्न कोणहरूबाट बिरुवाको केही तस्वीर लिन लाग्नुभएको छ। सबै चित्रहरूका लागि, कृपया यी निर्देशनहरू पालना गर्नुहोस्:

१) निश्चित गर्नुहोस् कि विरुवा हल्लीएको छैन (अर्थात् हावाका साथ वरिपरि घुम्दैन)

२) तस्वीरमा अन्य बिरुवाहरू सकेसम्म नखीचनुहोला । खिचन खोजेको विरुवा पछाडि कागजको एक टुक्रा राख्न सक्नुहुन्छ ताकि यो पूर्ण रुपमा छुट्टिनछ ।
३)क्यामेरालाई फूल / पातको नजिक नलग्नुहोस् बरु ३० सेमी टाढा राख्नुहोस् र फूललाई केंद्रित गर्नु होस।

४) यो निश्चित गर्नुहोस् कि उक्त विरुवा केन्द्रविन्दुमा छ र धमिलो छैन।
५) धेरै उज्यालो/सूर्यको प्रकाशमा तस्वीर लिनबाट बच्नुहोस्। बरु तस्बिर स्पष्ट आउने प्रकाशमा जानुहोस जहाँ तस्वीरमा हाँगा सहित पात र फूलहरू अझ स्पष्ट हुनेछ।

६) यदि कुनै तस्वीरहरु स्पष्ट छैन भने पुन: खिचनुनुहोस्।</value>
          </text>
          <text id="/a6n2dAeEJouV7L93jAweUD/flower_seen:label">
            <value>के तपाईंले अवलोकन गर्दै गरेको बिरुवाको कुनै फूल देख्नुभयो?</value>
          </text>
          <text id="/a6n2dAeEJouV7L93jAweUD/flower_seen/1:label">
            <value>देखें</value>
          </text>
          <text id="/a6n2dAeEJouV7L93jAweUD/flower_seen/0:label">
            <value>देखिन</value>
          </text>
          <text id="/a6n2dAeEJouV7L93jAweUD/flower_above_image:label">
            <value>कृपया फूलमा केंद्रित भएर तस्वीर लिनुहोस्।

पूरै फूल स्पष्ट देखिन्छ र स्क्रिनको बिचमा छ भन्ने निश्चित गर्नुहोस् ।

चित्रमा अन्य विरुवाका फूलहरू समावेश नगर्नुहोस्।</value>
          </text>
          <text id="/a6n2dAeEJouV7L93jAweUD/flower_side_image:label">
            <value>अब छेउबाट फूलको तस्बिर लिनुहोस् ताकि हामी यसको माथि मात्र नभई यसको छेउहरू पनि देख्न सक्छौं।

चित्रमा अन्य विरुवा प्रजातिहरू समावेश नगर्ने प्रयास गर्नुहोस्।</value>
          </text>
          <text id="/a6n2dAeEJouV7L93jAweUD/leaves_image:label">
            <value>अब माथिबाट यसको पातहरूको स्पष्ट तस्वीर लिनुहोस्।

यदि पातहरू हाँगामा छन् भने, एउटा पात मात्र नभई सम्पूर्ण हाङ्गाको तस्विर लिनुहोस्।


तस्वीरमा कुनै पनि अन्य विरुवा प्रजातिहरूको पातहरू नखिचनुहोस्।</value>
          </text>
          <text id="/a6n2dAeEJouV7L93jAweUD/whole_plant_image:label">
            <value>अब माथिबाट सम्पूर्ण विरुवाको माटोसहित को तस्विर लिनुहोस् ताकि उक्त बिरुवा कहाँ फैलिदैछ/बढ्दैछ भन्ने थाहाहुनलाई ।

यस पटक तपाईले बिरुवाको आकार पत्ता लगाउन तस्वीरमा पेन्सिल वा झोला जस्तो चीज समावेश गर्नुपर्नेछ।</value>
          </text>
          <text id="/a6n2dAeEJouV7L93jAweUD/plant_feature_image:label">
            <value>यदि त्यहाँ विरुवाको कुनै अन्य विशिष्ट विशेषताहरु जस्तै विउ वा गेडा/फल जस्तो छन् भने, कृपया अब यी तस्वीरहरू लिनुहोस्।

अन्यथा, तपाई अर्को पृष्ठमा जान सक्नुहुन्छ।</value>
          </text>
          <text id="/a6n2dAeEJouV7L93jAweUD/flower_abun:label">
            <value>अब कृपया तपाईको अवलोकन वर्ग/क्षेत्रमा कति वटा खुला फूलहरु छन् त्यसको अनुमान गरेर यी फूलहरुलाई पर्याप्तता स्कोर दिनुहोस्। 
तपाईले हरेक फूललाई गन्न जरुरी छैन- अनुमानित पर्याप्तताको स्कोर दिनुहोस् :</value>
          </text>
          <text id="/a6n2dAeEJouV7L93jAweUD/flower_abun/1:label">
            <value>दुर्लभ (१-२ वटा फूलहरु कतै कतै छरिएको)</value>
          </text>
          <text id="/a6n2dAeEJouV7L93jAweUD/flower_abun/2:label">
            <value>छरिएको (सानो सङ्ख्यामा वा एकै ठाँउमा भएका फूलका जठ्ठाहरु)</value>
          </text>
          <text id="/a6n2dAeEJouV7L93jAweUD/flower_abun/3:label">
            <value>साधारण (१०-२० फूलहरु)</value>
          </text>
          <text id="/a6n2dAeEJouV7L93jAweUD/insect_on_flower:label">
            <value>के तपाईंले यो बोटको फूलहरूमा कुनै कीराहरू देख्नुभयो?</value>
          </text>
          <text id="/a6n2dAeEJouV7L93jAweUD/insect_on_flower/1:label">
            <value>छैन, फूलहरूमा कुनै कीराहरू देखिएन</value>
          </text>
          <text id="/a6n2dAeEJouV7L93jAweUD/insect_on_flower/2:label">
            <value>देखे, किराहरू फूलहरूमा भेटिए / भ्रमण गर्दै थिए</value>
          </text>
          <text id="/a6n2dAeEJouV7L93jAweUD/pollinator_type:label">
            <value>तपाईले भर्खर कस्तो किसिमको कीरा देख्नु भएको छ भन्ने रेकर्ड गर्न लाग्नुभएको छ 

कृपया निम्नलिखित सूचीबाट किराको प्रकार छान्नुहोस्:</value>
          </text>
          <text id="/a6n2dAeEJouV7L93jAweUD/pollinator_type/1:label">
            <value>माहुरी</value>
            <value form="image">jr://images/honeybee.jpg</value>
          </text>
          <text id="/a6n2dAeEJouV7L93jAweUD/pollinator_type/2:label">
            <value>भमरा</value>
            <value form="image">jr://images/bumblebee.jpg</value>
          </text>
          <text id="/a6n2dAeEJouV7L93jAweUD/pollinator_type/3:label">
            <value>एक्लै हिड़ने माहुरी</value>
            <value form="image">jr://images/solitarybee.jpg</value>
          </text>
          <text id="/a6n2dAeEJouV7L93jAweUD/pollinator_type/4:label">
            <value>झिङ्गा</value>
            <value form="image">jr://images/fly.jpg</value>
          </text>
          <text id="/a6n2dAeEJouV7L93jAweUD/pollinator_type/5:label">
            <value>पुतली</value>
            <value form="image">jr://images/butterfly.jpg</value>
          </text>
          <text id="/a6n2dAeEJouV7L93jAweUD/pollinator_type/6:label">
            <value>मथ पुतली</value>
            <value form="image">jr://images/moth.jpg</value>
          </text>
          <text id="/a6n2dAeEJouV7L93jAweUD/pollinator_type/7:label">
            <value>बारुला</value>
            <value form="image">jr://images/wasp.jpg</value>
          </text>
          <text id="/a6n2dAeEJouV7L93jAweUD/pollinator_type/8:label">
            <value>खपटे किरा</value>
            <value form="image">jr://images/beetle.jpg</value>
          </text>
          <text id="/a6n2dAeEJouV7L93jAweUD/pollinator_type/9:label">
            <value>पहिचान गर्न नसकेको/ अन्य</value>
          </text>
          <text id="/a6n2dAeEJouV7L93jAweUD/pest_seen:label">
            <value>के तपाईंले कुनै कीरा/मोलस्क वा अन्य जनावरहरू देख्नुभयो जुन यस बोटको कीटहरू जस्तै देखिन्थे?</value>
          </text>
          <text id="/a6n2dAeEJouV7L93jAweUD/pest_seen/1:label">
            <value>देखें</value>
          </text>
          <text id="/a6n2dAeEJouV7L93jAweUD/pest_seen/0:label">
            <value>देखिन</value>
          </text>
          <text id="/a6n2dAeEJouV7L93jAweUD/pest_on_plant:label">
            <value>कस्तो प्रकारको कीट देख्नुभयो?</value>
          </text>
          <text id="/a6n2dAeEJouV7L93jAweUD/pest_on_plant/1:label">
            <value>क्याटरपिलर / झिसिलिकीरा</value>
            <value form="image">jr://images/caterpillar.jpg</value>
          </text>
          <text id="/a6n2dAeEJouV7L93jAweUD/pest_on_plant/2:label">
            <value>लाही किरा</value>
            <value form="image">jr://images/aphid.jpg</value>
          </text>
          <text id="/a6n2dAeEJouV7L93jAweUD/pest_on_plant/3:label">
            <value>खपटे/गोब्रे वा खपटे जस्तै देखिने किरा</value>
            <value form="image">jr://images/beetlepest.jpg</value>
          </text>
          <text id="/a6n2dAeEJouV7L93jAweUD/pest_on_plant/4:label">
            <value>फटेङ्ग्रा</value>
            <value form="image">jr://images/grasshopper.jpg</value>
          </text>
          <text id="/a6n2dAeEJouV7L93jAweUD/pest_on_plant/5:label">
            <value>फौजी किरा</value>
            <value form="image">jr://images/armyworm.jpg</value>
          </text>
          <text id="/a6n2dAeEJouV7L93jAweUD/pest_on_plant/6:label">
            <value>घोंघा/संखे किरा</value>
            <value form="image">jr://images/snail.jpg</value>
          </text>
          <text id="/a6n2dAeEJouV7L93jAweUD/pest_on_plant/7:label">
            <value>चिप्ले कीरा</value>
            <value form="image">jr://images/slug.jpg</value>
          </text>
          <text id="/a6n2dAeEJouV7L93jAweUD/pest_on_plant/8:label">
            <value>अन्य</value>
          </text>
          <text id="/a6n2dAeEJouV7L93jAweUD/photo_pest_effect:label">
            <value>बिरुवामा कीट वा कीटको प्रभावको फोटो लिनुहोस्</value>
          </text>
          <text id="/a6n2dAeEJouV7L93jAweUD/disease_seen:label">
            <value>के तपाईंले यो बिरुवालाई असर गर्ने कुनै रोग देख्नुभयो?</value>
          </text>
          <text id="/a6n2dAeEJouV7L93jAweUD/disease_seen/1:label">
            <value>देखें</value>
          </text>
          <text id="/a6n2dAeEJouV7L93jAweUD/disease_seen/0:label">
            <value>देखिन</value>
          </text>
          <text id="/a6n2dAeEJouV7L93jAweUD/disease_on_plant:label">
            <value>तपाईंले बिरुवामा कस्तो प्रकारको रोग देख्नुभयो?</value>
          </text>
          <text id="/a6n2dAeEJouV7L93jAweUD/disease_on_plant/1:label">
            <value>फंगल रोग</value>
          </text>
          <text id="/a6n2dAeEJouV7L93jAweUD/disease_on_plant/2:label">
            <value>अन्य बिरुवा रोगहरु</value>
          </text>
          <text id="/a6n2dAeEJouV7L93jAweUD/photo_disease:label">
            <value>रोगको फोटो खिच्नुहोस्</value>
          </text>
          <text id="/a6n2dAeEJouV7L93jAweUD/gps:label">
            <value>लोकेसन रेकर्ड गर्नुहोस्</value>
          </text>
        </translation>
      </itext>
      <instance>
        <a6n2dAeEJouV7L93jAweUD id="cap_2030_plantatlas_v1">
          <start/>
          <end/>
          <today/>
          <username/>
          <deviceid/>
          <imei/>
          <phonenumber/>
          <crop_wild/>
          <plant_in_altas/>
          <plant_barcode/>
          <plant_nep_name/>
          <plant_nep_name_eng/>
          <plant_eng_name/>
          <plant_code/>
          <sci_name/>
          <confirm_plant/>
          <not_in_atlas/>
          <know_local_name/>
          <local_name/>
          <own_name/>
          <plant_picture_info/>
          <flower_seen/>
          <flower_above_image/>
          <flower_side_image/>
          <leaves_image/>
          <whole_plant_image/>
          <plant_feature_image/>
          <flower_abun/>
          <insect_on_flower/>
          <pollinator_type/>
          <pest_seen/>
          <pest_on_plant/>
          <photo_pest_effect/>
          <disease_seen/>
          <disease_on_plant/>
          <photo_disease/>
          <gps/>
          <meta>
            <instanceID/>
          </meta>
        </a6n2dAeEJouV7L93jAweUD>
      </instance>
      <instance id="plant_list" src="jr://file-csv/plant_list.csv"/>
      <bind jr:preload="timestamp" jr:preloadParams="start" nodeset="/a6n2dAeEJouV7L93jAweUD/start" type="dateTime"/>
      <bind jr:preload="timestamp" jr:preloadParams="end" nodeset="/a6n2dAeEJouV7L93jAweUD/end" type="dateTime"/>
      <bind jr:preload="date" jr:preloadParams="today" nodeset="/a6n2dAeEJouV7L93jAweUD/today" type="date"/>
      <bind jr:preload="property" jr:preloadParams="username" nodeset="/a6n2dAeEJouV7L93jAweUD/username" type="string"/>
      <bind jr:preload="property" jr:preloadParams="deviceid" nodeset="/a6n2dAeEJouV7L93jAweUD/deviceid" type="string"/>
      <bind jr:preload="property" jr:preloadParams="deviceid" nodeset="/a6n2dAeEJouV7L93jAweUD/imei" type="string"/>
      <bind jr:preload="property" jr:preloadParams="phonenumber" nodeset="/a6n2dAeEJouV7L93jAweUD/phonenumber" type="string"/>
      <bind nodeset="/a6n2dAeEJouV7L93jAweUD/crop_wild" required="true()" type="string"/>
      <bind nodeset="/a6n2dAeEJouV7L93jAweUD/plant_in_altas" required="true()" type="string"/>
      <bind nodeset="/a6n2dAeEJouV7L93jAweUD/plant_barcode" relevant=" /a6n2dAeEJouV7L93jAweUD/plant_in_altas  = '1'" required="true()" type="barcode"/>
      <bind calculate="pulldata('plant_list', 'nep_name_dev', 'plant_barcode',  /a6n2dAeEJouV7L93jAweUD/plant_barcode )" nodeset="/a6n2dAeEJouV7L93jAweUD/plant_nep_name" relevant=" /a6n2dAeEJouV7L93jAweUD/plant_in_altas  = '1'" type="string"/>
      <bind calculate="pulldata('plant_list', 'nep_name_eng', 'plant_barcode',  /a6n2dAeEJouV7L93jAweUD/plant_barcode )" nodeset="/a6n2dAeEJouV7L93jAweUD/plant_nep_name_eng" relevant=" /a6n2dAeEJouV7L93jAweUD/plant_in_altas  = '1'" type="string"/>
      <bind calculate="pulldata('plant_list', 'eng_name', 'plant_barcode',  /a6n2dAeEJouV7L93jAweUD/plant_barcode )" nodeset="/a6n2dAeEJouV7L93jAweUD/plant_eng_name" relevant=" /a6n2dAeEJouV7L93jAweUD/plant_in_altas  = '1'" type="string"/>
      <bind calculate="pulldata('plant_list', 'plant_code', 'plant_barcode',  /a6n2dAeEJouV7L93jAweUD/plant_barcode )" nodeset="/a6n2dAeEJouV7L93jAweUD/plant_code" relevant=" /a6n2dAeEJouV7L93jAweUD/plant_in_altas  = '1'" type="string"/>
      <bind calculate="pulldata('plant_list', 'sci_name', 'plant_barcode',  /a6n2dAeEJouV7L93jAweUD/plant_barcode )" nodeset="/a6n2dAeEJouV7L93jAweUD/sci_name" relevant=" /a6n2dAeEJouV7L93jAweUD/plant_in_altas  = '1'" type="string"/>
      <bind nodeset="/a6n2dAeEJouV7L93jAweUD/confirm_plant" readonly="true()" relevant=" /a6n2dAeEJouV7L93jAweUD/plant_in_altas  = '1'" type="string"/>
      <bind nodeset="/a6n2dAeEJouV7L93jAweUD/not_in_atlas" readonly="true()" relevant=" /a6n2dAeEJouV7L93jAweUD/plant_in_altas  = '0'" type="string"/>
      <bind nodeset="/a6n2dAeEJouV7L93jAweUD/know_local_name" relevant=" /a6n2dAeEJouV7L93jAweUD/plant_in_altas  = '0'" required="true()" type="string"/>
      <bind nodeset="/a6n2dAeEJouV7L93jAweUD/local_name" relevant=" /a6n2dAeEJouV7L93jAweUD/plant_in_altas  = '0' and  /a6n2dAeEJouV7L93jAweUD/know_local_name  = '1'" required="true()" type="string"/>
      <bind nodeset="/a6n2dAeEJouV7L93jAweUD/own_name" relevant=" /a6n2dAeEJouV7L93jAweUD/plant_in_altas  = '0'" type="string"/>
      <bind nodeset="/a6n2dAeEJouV7L93jAweUD/plant_picture_info" readonly="true()" type="string"/>
      <bind nodeset="/a6n2dAeEJouV7L93jAweUD/flower_seen" type="string"/>
      <bind nodeset="/a6n2dAeEJouV7L93jAweUD/flower_above_image" relevant=" /a6n2dAeEJouV7L93jAweUD/flower_seen  = '1'" required="true()" type="binary"/>
      <bind nodeset="/a6n2dAeEJouV7L93jAweUD/flower_side_image" relevant=" /a6n2dAeEJouV7L93jAweUD/flower_seen  = '1'" required="true()" type="binary"/>
      <bind nodeset="/a6n2dAeEJouV7L93jAweUD/leaves_image" type="binary"/>
      <bind nodeset="/a6n2dAeEJouV7L93jAweUD/whole_plant_image" required="true()" type="binary"/>
      <bind nodeset="/a6n2dAeEJouV7L93jAweUD/plant_feature_image" type="binary"/>
      <bind nodeset="/a6n2dAeEJouV7L93jAweUD/flower_abun" relevant=" /a6n2dAeEJouV7L93jAweUD/flower_seen  = '1'" required="true()" type="string"/>
      <bind nodeset="/a6n2dAeEJouV7L93jAweUD/insect_on_flower" relevant=" /a6n2dAeEJouV7L93jAweUD/flower_seen  = '1'" required="true()" type="string"/>
      <bind nodeset="/a6n2dAeEJouV7L93jAweUD/pollinator_type" relevant=" /a6n2dAeEJouV7L93jAweUD/flower_seen  = '1' and  /a6n2dAeEJouV7L93jAweUD/insect_on_flower  = '2'" required="true()" type="string"/>
      <bind nodeset="/a6n2dAeEJouV7L93jAweUD/pest_seen" required="true()" type="string"/>
      <bind nodeset="/a6n2dAeEJouV7L93jAweUD/pest_on_plant" relevant=" /a6n2dAeEJouV7L93jAweUD/pest_seen  = '1'" required="true()" type="string"/>
      <bind nodeset="/a6n2dAeEJouV7L93jAweUD/photo_pest_effect" relevant=" /a6n2dAeEJouV7L93jAweUD/pest_seen  = '1'" required="true()" type="binary"/>
      <bind nodeset="/a6n2dAeEJouV7L93jAweUD/disease_seen" required="true()" type="string"/>
      <bind nodeset="/a6n2dAeEJouV7L93jAweUD/disease_on_plant" relevant=" /a6n2dAeEJouV7L93jAweUD/disease_seen  = '1'" required="true()" type="string"/>
      <bind nodeset="/a6n2dAeEJouV7L93jAweUD/photo_disease" relevant=" /a6n2dAeEJouV7L93jAweUD/disease_seen  = '1'" required="true()" type="binary"/>
      <bind nodeset="/a6n2dAeEJouV7L93jAweUD/gps" type="geopoint"/>
      <bind jr:preload="uid" nodeset="/a6n2dAeEJouV7L93jAweUD/meta/instanceID" readonly="true()" type="string"/>
    </model>
  </h:head>
  <h:body>
    <select1 ref="/a6n2dAeEJouV7L93jAweUD/crop_wild">
      <label ref="jr:itext('/a6n2dAeEJouV7L93jAweUD/crop_wild:label')"/>
      <item>
        <label ref="jr:itext('/a6n2dAeEJouV7L93jAweUD/crop_wild/1:label')"/>
        <value>1</value>
      </item>
      <item>
        <label ref="jr:itext('/a6n2dAeEJouV7L93jAweUD/crop_wild/0:label')"/>
        <value>0</value>
      </item>
    </select1>
    <select1 ref="/a6n2dAeEJouV7L93jAweUD/plant_in_altas">
      <label ref="jr:itext('/a6n2dAeEJouV7L93jAweUD/plant_in_altas:label')"/>
      <item>
        <label ref="jr:itext('/a6n2dAeEJouV7L93jAweUD/plant_in_altas/1:label')"/>
        <value>1</value>
      </item>
      <item>
        <label ref="jr:itext('/a6n2dAeEJouV7L93jAweUD/plant_in_altas/0:label')"/>
        <value>0</value>
      </item>
    </select1>
    <input ref="/a6n2dAeEJouV7L93jAweUD/plant_barcode">
      <label ref="jr:itext('/a6n2dAeEJouV7L93jAweUD/plant_barcode:label')"/>
    </input>
    <input ref="/a6n2dAeEJouV7L93jAweUD/confirm_plant">
      <label ref="jr:itext('/a6n2dAeEJouV7L93jAweUD/confirm_plant:label')"/>
    </input>
    <input ref="/a6n2dAeEJouV7L93jAweUD/not_in_atlas">
      <label ref="jr:itext('/a6n2dAeEJouV7L93jAweUD/not_in_atlas:label')"/>
    </input>
    <select1 ref="/a6n2dAeEJouV7L93jAweUD/know_local_name">
      <label ref="jr:itext('/a6n2dAeEJouV7L93jAweUD/know_local_name:label')"/>
      <item>
        <label ref="jr:itext('/a6n2dAeEJouV7L93jAweUD/know_local_name/1:label')"/>
        <value>1</value>
      </item>
      <item>
        <label ref="jr:itext('/a6n2dAeEJouV7L93jAweUD/know_local_name/0:label')"/>
        <value>0</value>
      </item>
    </select1>
    <input ref="/a6n2dAeEJouV7L93jAweUD/local_name">
      <label ref="jr:itext('/a6n2dAeEJouV7L93jAweUD/local_name:label')"/>
    </input>
    <input ref="/a6n2dAeEJouV7L93jAweUD/own_name">
      <label ref="jr:itext('/a6n2dAeEJouV7L93jAweUD/own_name:label')"/>
    </input>
    <input ref="/a6n2dAeEJouV7L93jAweUD/plant_picture_info">
      <label ref="jr:itext('/a6n2dAeEJouV7L93jAweUD/plant_picture_info:label')"/>
    </input>
    <select1 ref="/a6n2dAeEJouV7L93jAweUD/flower_seen">
      <label ref="jr:itext('/a6n2dAeEJouV7L93jAweUD/flower_seen:label')"/>
      <item>
        <label ref="jr:itext('/a6n2dAeEJouV7L93jAweUD/flower_seen/1:label')"/>
        <value>1</value>
      </item>
      <item>
        <label ref="jr:itext('/a6n2dAeEJouV7L93jAweUD/flower_seen/0:label')"/>
        <value>0</value>
      </item>
    </select1>
    <upload mediatype="image/*" ref="/a6n2dAeEJouV7L93jAweUD/flower_above_image">
      <label ref="jr:itext('/a6n2dAeEJouV7L93jAweUD/flower_above_image:label')"/>
    </upload>
    <upload mediatype="image/*" ref="/a6n2dAeEJouV7L93jAweUD/flower_side_image">
      <label ref="jr:itext('/a6n2dAeEJouV7L93jAweUD/flower_side_image:label')"/>
    </upload>
    <upload mediatype="image/*" ref="/a6n2dAeEJouV7L93jAweUD/leaves_image">
      <label ref="jr:itext('/a6n2dAeEJouV7L93jAweUD/leaves_image:label')"/>
    </upload>
    <upload mediatype="image/*" ref="/a6n2dAeEJouV7L93jAweUD/whole_plant_image">
      <label ref="jr:itext('/a6n2dAeEJouV7L93jAweUD/whole_plant_image:label')"/>
    </upload>
    <upload mediatype="image/*" ref="/a6n2dAeEJouV7L93jAweUD/plant_feature_image">
      <label ref="jr:itext('/a6n2dAeEJouV7L93jAweUD/plant_feature_image:label')"/>
    </upload>
    <select1 ref="/a6n2dAeEJouV7L93jAweUD/flower_abun">
      <label ref="jr:itext('/a6n2dAeEJouV7L93jAweUD/flower_abun:label')"/>
      <item>
        <label ref="jr:itext('/a6n2dAeEJouV7L93jAweUD/flower_abun/1:label')"/>
        <value>1</value>
      </item>
      <item>
        <label ref="jr:itext('/a6n2dAeEJouV7L93jAweUD/flower_abun/2:label')"/>
        <value>2</value>
      </item>
      <item>
        <label ref="jr:itext('/a6n2dAeEJouV7L93jAweUD/flower_abun/3:label')"/>
        <value>3</value>
      </item>
    </select1>
    <select1 ref="/a6n2dAeEJouV7L93jAweUD/insect_on_flower">
      <label ref="jr:itext('/a6n2dAeEJouV7L93jAweUD/insect_on_flower:label')"/>
      <item>
        <label ref="jr:itext('/a6n2dAeEJouV7L93jAweUD/insect_on_flower/1:label')"/>
        <value>1</value>
      </item>
      <item>
        <label ref="jr:itext('/a6n2dAeEJouV7L93jAweUD/insect_on_flower/2:label')"/>
        <value>2</value>
      </item>
    </select1>
    <select ref="/a6n2dAeEJouV7L93jAweUD/pollinator_type">
      <label ref="jr:itext('/a6n2dAeEJouV7L93jAweUD/pollinator_type:label')"/>
      <item>
        <label ref="jr:itext('/a6n2dAeEJouV7L93jAweUD/pollinator_type/1:label')"/>
        <value>1</value>
      </item>
      <item>
        <label ref="jr:itext('/a6n2dAeEJouV7L93jAweUD/pollinator_type/2:label')"/>
        <value>2</value>
      </item>
      <item>
        <label ref="jr:itext('/a6n2dAeEJouV7L93jAweUD/pollinator_type/3:label')"/>
        <value>3</value>
      </item>
      <item>
        <label ref="jr:itext('/a6n2dAeEJouV7L93jAweUD/pollinator_type/4:label')"/>
        <value>4</value>
      </item>
      <item>
        <label ref="jr:itext('/a6n2dAeEJouV7L93jAweUD/pollinator_type/5:label')"/>
        <value>5</value>
      </item>
      <item>
        <label ref="jr:itext('/a6n2dAeEJouV7L93jAweUD/pollinator_type/6:label')"/>
        <value>6</value>
      </item>
      <item>
        <label ref="jr:itext('/a6n2dAeEJouV7L93jAweUD/pollinator_type/7:label')"/>
        <value>7</value>
      </item>
      <item>
        <label ref="jr:itext('/a6n2dAeEJouV7L93jAweUD/pollinator_type/8:label')"/>
        <value>8</value>
      </item>
      <item>
        <label ref="jr:itext('/a6n2dAeEJouV7L93jAweUD/pollinator_type/9:label')"/>
        <value>9</value>
      </item>
    </select>
    <select1 ref="/a6n2dAeEJouV7L93jAweUD/pest_seen">
      <label ref="jr:itext('/a6n2dAeEJouV7L93jAweUD/pest_seen:label')"/>
      <item>
        <label ref="jr:itext('/a6n2dAeEJouV7L93jAweUD/pest_seen/1:label')"/>
        <value>1</value>
      </item>
      <item>
        <label ref="jr:itext('/a6n2dAeEJouV7L93jAweUD/pest_seen/0:label')"/>
        <value>0</value>
      </item>
    </select1>
    <select ref="/a6n2dAeEJouV7L93jAweUD/pest_on_plant">
      <label ref="jr:itext('/a6n2dAeEJouV7L93jAweUD/pest_on_plant:label')"/>
      <item>
        <label ref="jr:itext('/a6n2dAeEJouV7L93jAweUD/pest_on_plant/1:label')"/>
        <value>1</value>
      </item>
      <item>
        <label ref="jr:itext('/a6n2dAeEJouV7L93jAweUD/pest_on_plant/2:label')"/>
        <value>2</value>
      </item>
      <item>
        <label ref="jr:itext('/a6n2dAeEJouV7L93jAweUD/pest_on_plant/3:label')"/>
        <value>3</value>
      </item>
      <item>
        <label ref="jr:itext('/a6n2dAeEJouV7L93jAweUD/pest_on_plant/4:label')"/>
        <value>4</value>
      </item>
      <item>
        <label ref="jr:itext('/a6n2dAeEJouV7L93jAweUD/pest_on_plant/5:label')"/>
        <value>5</value>
      </item>
      <item>
        <label ref="jr:itext('/a6n2dAeEJouV7L93jAweUD/pest_on_plant/6:label')"/>
        <value>6</value>
      </item>
      <item>
        <label ref="jr:itext('/a6n2dAeEJouV7L93jAweUD/pest_on_plant/7:label')"/>
        <value>7</value>
      </item>
      <item>
        <label ref="jr:itext('/a6n2dAeEJouV7L93jAweUD/pest_on_plant/8:label')"/>
        <value>8</value>
      </item>
    </select>
    <upload mediatype="image/*" ref="/a6n2dAeEJouV7L93jAweUD/photo_pest_effect">
      <label ref="jr:itext('/a6n2dAeEJouV7L93jAweUD/photo_pest_effect:label')"/>
    </upload>
    <select1 ref="/a6n2dAeEJouV7L93jAweUD/disease_seen">
      <label ref="jr:itext('/a6n2dAeEJouV7L93jAweUD/disease_seen:label')"/>
      <item>
        <label ref="jr:itext('/a6n2dAeEJouV7L93jAweUD/disease_seen/1:label')"/>
        <value>1</value>
      </item>
      <item>
        <label ref="jr:itext('/a6n2dAeEJouV7L93jAweUD/disease_seen/0:label')"/>
        <value>0</value>
      </item>
    </select1>
    <select1 ref="/a6n2dAeEJouV7L93jAweUD/disease_on_plant">
      <label ref="jr:itext('/a6n2dAeEJouV7L93jAweUD/disease_on_plant:label')"/>
      <item>
        <label ref="jr:itext('/a6n2dAeEJouV7L93jAweUD/disease_on_plant/1:label')"/>
        <value>1</value>
      </item>
      <item>
        <label ref="jr:itext('/a6n2dAeEJouV7L93jAweUD/disease_on_plant/2:label')"/>
        <value>2</value>
      </item>
    </select1>
    <upload mediatype="image/*" ref="/a6n2dAeEJouV7L93jAweUD/photo_disease">
      <label ref="jr:itext('/a6n2dAeEJouV7L93jAweUD/photo_disease:label')"/>
    </upload>
    <input ref="/a6n2dAeEJouV7L93jAweUD/gps">
      <label ref="jr:itext('/a6n2dAeEJouV7L93jAweUD/gps:label')"/>
    </input>
  </h:body>
</h:html>
