<?xml version="1.0"?>
<h:html xmlns="http://www.w3.org/2002/xforms" xmlns:ev="http://www.w3.org/2001/xml-events" xmlns:h="http://www.w3.org/1999/xhtml" xmlns:jr="http://openrosa.org/javarosa" xmlns:odk="http://www.opendatakit.org/xforms" xmlns:orx="http://openrosa.org/xforms" xmlns:xsd="http://www.w3.org/2001/XMLSchema">
  <h:head>
    <h:title>CAP 2030 - Hazard mapping - Jumla</h:title>
    <model odk:xforms-version="1.0.0">
      <itext>
        <translation lang="English (en)">
          <text id="/a3RZzCztpELw2HndTxTJEa/background:label">
            <value>Children in All Policies (CAP) 2030 Nepal

&lt;span style="color:#FB7500"&gt;Hazard Mapping&lt;/span&gt;</value>
          </text>
          <text id="/a3RZzCztpELw2HndTxTJEa/background:hint">
            <value>This survey is for anyone between 10 to 24 years of age participating in the 'Citizen science for climate change advocacy amongst Nepali youth: Children in All Policies (CAP) 2030 Nepal' research.</value>
          </text>
          <text id="/a3RZzCztpELw2HndTxTJEa/disaster_type:jr:requiredMsg">
            <value>Answer required</value>
          </text>
          <text id="/a3RZzCztpELw2HndTxTJEa/disaster_type:label">
            <value>Disaster type</value>
          </text>
          <text id="/a3RZzCztpELw2HndTxTJEa/disaster_type/disaster_1:label">
            <value>Inundation</value>
          </text>
          <text id="/a3RZzCztpELw2HndTxTJEa/disaster_type/disaster_2:label">
            <value>Landslide</value>
          </text>
          <text id="/a3RZzCztpELw2HndTxTJEa/disaster_type/disaster_3:label">
            <value>Extreme weather events</value>
          </text>
          <text id="/a3RZzCztpELw2HndTxTJEa/disaster_type/disaster_4:label">
            <value>Wildfire</value>
          </text>
          <text id="/a3RZzCztpELw2HndTxTJEa/disaster_type/disaster_5:label">
            <value>Flash flood / mudflow</value>
          </text>
          <text id="/a3RZzCztpELw2HndTxTJEa/disaster_type/disaster_6:label">
            <value>Sinkhole</value>
          </text>
          <text id="/a3RZzCztpELw2HndTxTJEa/disaster_type/disaster_7:label">
            <value>Cyclone</value>
          </text>
          <text id="/a3RZzCztpELw2HndTxTJEa/disaster_type/disaster_8:label">
            <value>Crop pests</value>
          </text>
          <text id="/a3RZzCztpELw2HndTxTJEa/disaster_type/disaster_9:label">
            <value>Failed crops</value>
          </text>
          <text id="/a3RZzCztpELw2HndTxTJEa/disaster_type/disaster_other:label">
            <value>Other</value>
          </text>
          <text id="/a3RZzCztpELw2HndTxTJEa/disaster_type_other:jr:requiredMsg">
            <value>Answer required</value>
          </text>
          <text id="/a3RZzCztpELw2HndTxTJEa/disaster_type_other:label">
            <value>Other (please specify)</value>
          </text>
          <text id="/a3RZzCztpELw2HndTxTJEa/extreme_events:jr:requiredMsg">
            <value>Answer required</value>
          </text>
          <text id="/a3RZzCztpELw2HndTxTJEa/extreme_events:label">
            <value>Extreme weather event</value>
          </text>
          <text id="/a3RZzCztpELw2HndTxTJEa/extreme_events/extreme_events_1:label">
            <value>Heat wave</value>
          </text>
          <text id="/a3RZzCztpELw2HndTxTJEa/extreme_events/extreme_events_2:label">
            <value>Extreme cold</value>
          </text>
          <text id="/a3RZzCztpELw2HndTxTJEa/extreme_events/extreme_events_3:label">
            <value>Heavy Downpours</value>
          </text>
          <text id="/a3RZzCztpELw2HndTxTJEa/extreme_events/extreme_events_4:label">
            <value>Prolonged Drought</value>
          </text>
          <text id="/a3RZzCztpELw2HndTxTJEa/extreme_events/extreme_events_5:label">
            <value>Extreme air pollutions</value>
          </text>
          <text id="/a3RZzCztpELw2HndTxTJEa/extreme_events/extreme_events_6:label">
            <value>Storm</value>
          </text>
          <text id="/a3RZzCztpELw2HndTxTJEa/extreme_events/extreme_events_other:label">
            <value>Other</value>
          </text>
          <text id="/a3RZzCztpELw2HndTxTJEa/extreme_events_other:jr:requiredMsg">
            <value>Answer required</value>
          </text>
          <text id="/a3RZzCztpELw2HndTxTJEa/extreme_events_other:label">
            <value>Other (please specify)</value>
          </text>
          <text id="/a3RZzCztpELw2HndTxTJEa/dis_image:label">
            <value>Photograph of disaster</value>
          </text>
          <text id="/a3RZzCztpELw2HndTxTJEa/dis_image/disaster_image_1:label">
            <value>Disaster photograph 1</value>
          </text>
          <text id="/a3RZzCztpELw2HndTxTJEa/dis_image/disaster_image_2:label">
            <value>Disaster photograph 2</value>
          </text>
          <text id="/a3RZzCztpELw2HndTxTJEa/dis_image/disaster_image_3:label">
            <value>Disaster photograph 3</value>
          </text>
          <text id="/a3RZzCztpELw2HndTxTJEa/disaster_record_point:label">
            <value>Please record your location</value>
          </text>
          <text id="/a3RZzCztpELw2HndTxTJEa/disaster_exact_time:jr:requiredMsg">
            <value>Answer required</value>
          </text>
          <text id="/a3RZzCztpELw2HndTxTJEa/disaster_exact_time:label">
            <value>Do you know when this disaster occurred?</value>
          </text>
          <text id="/a3RZzCztpELw2HndTxTJEa/disaster_exact_time:hint">
            <value>If you know the exact day of the event choose 'Yes'.</value>
          </text>
          <text id="/a3RZzCztpELw2HndTxTJEa/disaster_exact_time/yes:label">
            <value>Yes</value>
          </text>
          <text id="/a3RZzCztpELw2HndTxTJEa/disaster_exact_time/no:label">
            <value>No</value>
          </text>
          <text id="/a3RZzCztpELw2HndTxTJEa/disaster_date_myd:jr:constraintMsg">
            <value>invalid date</value>
          </text>
          <text id="/a3RZzCztpELw2HndTxTJEa/disaster_date_myd:jr:requiredMsg">
            <value>Answer required</value>
          </text>
          <text id="/a3RZzCztpELw2HndTxTJEa/disaster_date_myd:label">
            <value>Please provide the date of the disaster?</value>
          </text>
          <text id="/a3RZzCztpELw2HndTxTJEa/disaster_date_my:jr:constraintMsg">
            <value>invalid date</value>
          </text>
          <text id="/a3RZzCztpELw2HndTxTJEa/disaster_date_my:label">
            <value>Please provide approximate month and year of the disaster?</value>
          </text>
          <text id="/a3RZzCztpELw2HndTxTJEa/obs_geoshape:label">
            <value>Area covered by disaster</value>
          </text>
          <text id="/a3RZzCztpELw2HndTxTJEa/begin_group_kuIJA5S3B/disaster_remark:label">
            <value>Remarks</value>
          </text>
          <text id="/a3RZzCztpELw2HndTxTJEa/begin_group_kuIJA5S3B/thank_you:label">
            <value>Thank you !</value>
          </text>
        </translation>
        <translation default="true()" lang="नेपाली (ne)">
          <text id="/a3RZzCztpELw2HndTxTJEa/background:label">
            <value>चिल्ड्रेन इन ऑल पोलिसिस २०३० नेपाल

&lt;span style="color:#FB7500"&gt;जोखिम म्यापिङ&lt;/span&gt;</value>
            <value form="image">jr://images/hazard.png</value>
          </text>
          <text id="/a3RZzCztpELw2HndTxTJEa/background:hint">
            <value>यस सर्वेक्षणका उत्तरदाता "नेपाली युवामाझ जलवायु परिवर्तन वकालत"मा भाग लिनुहुने १० देखि २४ बर्ष रहेका नेपाली नागरिक हुनेछन्।</value>
          </text>
          <text id="/a3RZzCztpELw2HndTxTJEa/disaster_type:jr:requiredMsg">
            <value>उत्तर अनिवार्य</value>
          </text>
          <text id="/a3RZzCztpELw2HndTxTJEa/disaster_type:label">
            <value>प्रकोपको प्रकार:</value>
          </text>
          <text id="/a3RZzCztpELw2HndTxTJEa/disaster_type/disaster_1:label">
            <value>डुबान</value>
            <value form="image">jr://images/inundation.png</value>
          </text>
          <text id="/a3RZzCztpELw2HndTxTJEa/disaster_type/disaster_2:label">
            <value>पहिरो</value>
            <value form="image">jr://images/landslide.png</value>
          </text>
          <text id="/a3RZzCztpELw2HndTxTJEa/disaster_type/disaster_3:label">
            <value>चरम मौसम घटनाहरू</value>
            <value form="image">jr://images/extremeweather.png</value>
          </text>
          <text id="/a3RZzCztpELw2HndTxTJEa/disaster_type/disaster_4:label">
            <value>जंगली आगो</value>
            <value form="image">jr://images/wildfire.png</value>
          </text>
          <text id="/a3RZzCztpELw2HndTxTJEa/disaster_type/disaster_5:label">
            <value>बाढी / माटोको बहाव</value>
            <value form="image">jr://images/flood.png</value>
          </text>
          <text id="/a3RZzCztpELw2HndTxTJEa/disaster_type/disaster_6:label">
            <value>भवाङ</value>
            <value form="image">jr://images/sinkhole.png</value>
          </text>
          <text id="/a3RZzCztpELw2HndTxTJEa/disaster_type/disaster_7:label">
            <value>हावाको भुमरी</value>
            <value form="image">jr://images/cyclone.png</value>
          </text>
          <text id="/a3RZzCztpELw2HndTxTJEa/disaster_type/disaster_8:label">
            <value>बाली कीटहरू</value>
            <value form="image">jr://images/croppests.png</value>
          </text>
          <text id="/a3RZzCztpELw2HndTxTJEa/disaster_type/disaster_9:label">
            <value>असफल बाली</value>
            <value form="image">jr://images/failedcrops.png</value>
          </text>
          <text id="/a3RZzCztpELw2HndTxTJEa/disaster_type/disaster_other:label">
            <value>अन्य</value>
          </text>
          <text id="/a3RZzCztpELw2HndTxTJEa/disaster_type_other:jr:requiredMsg">
            <value>उत्तर अनिवार्य</value>
          </text>
          <text id="/a3RZzCztpELw2HndTxTJEa/disaster_type_other:label">
            <value>अन्य (खुलाउने)</value>
          </text>
          <text id="/a3RZzCztpELw2HndTxTJEa/extreme_events:jr:requiredMsg">
            <value>उत्तर अनिवार्य</value>
          </text>
          <text id="/a3RZzCztpELw2HndTxTJEa/extreme_events:label">
            <value>चरम मौसम घटना:</value>
          </text>
          <text id="/a3RZzCztpELw2HndTxTJEa/extreme_events/extreme_events_1:label">
            <value>अत्यधिक गर्मी</value>
            <value form="image">jr://images/extremeheat.png</value>
          </text>
          <text id="/a3RZzCztpELw2HndTxTJEa/extreme_events/extreme_events_2:label">
            <value>अत्यधिक चिसो</value>
            <value form="image">jr://images/extremecold.png</value>
          </text>
          <text id="/a3RZzCztpELw2HndTxTJEa/extreme_events/extreme_events_3:label">
            <value>भारी वर्षा</value>
            <value form="image">jr://images/heavydownpours.png</value>
          </text>
          <text id="/a3RZzCztpELw2HndTxTJEa/extreme_events/extreme_events_4:label">
            <value>लामो खडेरी</value>
            <value form="image">jr://images/drought.png</value>
          </text>
          <text id="/a3RZzCztpELw2HndTxTJEa/extreme_events/extreme_events_5:label">
            <value>चरम वायु-प्रदूषण</value>
            <value form="image">jr://images/airpollution.png</value>
          </text>
          <text id="/a3RZzCztpELw2HndTxTJEa/extreme_events/extreme_events_6:label">
            <value>आधी बेहरी</value>
            <value form="image">jr://images/storm.png</value>
          </text>
          <text id="/a3RZzCztpELw2HndTxTJEa/extreme_events/extreme_events_other:label">
            <value>अन्य</value>
          </text>
          <text id="/a3RZzCztpELw2HndTxTJEa/extreme_events_other:jr:requiredMsg">
            <value>उत्तर अनिवार्य</value>
          </text>
          <text id="/a3RZzCztpELw2HndTxTJEa/extreme_events_other:label">
            <value>अन्य (खुलाउने)</value>
          </text>
          <text id="/a3RZzCztpELw2HndTxTJEa/dis_image/disaster_image_1:label">
            <value>प्रकोपको फोटो १:</value>
          </text>
          <text id="/a3RZzCztpELw2HndTxTJEa/dis_image/disaster_image_2:label">
            <value>प्रकोपको फोटो २:</value>
          </text>
          <text id="/a3RZzCztpELw2HndTxTJEa/dis_image/disaster_image_3:label">
            <value>प्रकोपको फोटो ३:</value>
          </text>
          <text id="/a3RZzCztpELw2HndTxTJEa/disaster_record_point:label">
            <value>हजुरको लोकेसन रेकर्ड गर्नुहोस्</value>
          </text>
          <text id="/a3RZzCztpELw2HndTxTJEa/disaster_exact_time:jr:requiredMsg">
            <value>उत्तर अनिवार्य</value>
          </text>
          <text id="/a3RZzCztpELw2HndTxTJEa/disaster_exact_time:label">
            <value>के तपाईलाई थाहा छ यो प्रकोप कहिले भयो?</value>
          </text>
          <text id="/a3RZzCztpELw2HndTxTJEa/disaster_exact_time:hint">
            <value>यदि तपाईंलाई घटनाको सही दिन थाहा छ भने 'थाहा छ' छान्नुहोस्।</value>
          </text>
          <text id="/a3RZzCztpELw2HndTxTJEa/disaster_exact_time/yes:label">
            <value>थाह छ</value>
            <value form="image">jr://images/Yes.png</value>
          </text>
          <text id="/a3RZzCztpELw2HndTxTJEa/disaster_exact_time/no:label">
            <value>थाह छैन</value>
            <value form="image">jr://images/No.png</value>
          </text>
          <text id="/a3RZzCztpELw2HndTxTJEa/disaster_date_myd:jr:constraintMsg">
            <value>मिति मिलेन</value>
          </text>
          <text id="/a3RZzCztpELw2HndTxTJEa/disaster_date_myd:jr:requiredMsg">
            <value>उत्तर अनिवार्य</value>
          </text>
          <text id="/a3RZzCztpELw2HndTxTJEa/disaster_date_myd:label">
            <value>कृपया प्रकोपको पुरा मिति प्रदान गर्नुहोस्?</value>
          </text>
          <text id="/a3RZzCztpELw2HndTxTJEa/disaster_date_my:jr:constraintMsg">
            <value>मिति मिलेन</value>
          </text>
          <text id="/a3RZzCztpELw2HndTxTJEa/disaster_date_my:label">
            <value>कृपया प्रकोपको अनुमानित महिना र वर्ष प्रदान गर्नुहोस्?</value>
          </text>
          <text id="/a3RZzCztpELw2HndTxTJEa/obs_geoshape:label">
            <value>प्रकोपले ओगटेको क्षेत्र</value>
          </text>
          <text id="/a3RZzCztpELw2HndTxTJEa/begin_group_kuIJA5S3B/disaster_remark:label">
            <value>कैफियत / टिप्पणी</value>
          </text>
          <text id="/a3RZzCztpELw2HndTxTJEa/begin_group_kuIJA5S3B/thank_you:label">
            <value>धन्यवाद</value>
          </text>
          <text id="/a3RZzCztpELw2HndTxTJEa/dis_image:label">
            <value>-</value>
          </text>
        </translation>
      </itext>
      <instance>
        <a3RZzCztpELw2HndTxTJEa id="cap2030_hazard_v1">
          <start/>
          <end/>
          <today/>
          <username/>
          <deviceid/>
          <imei/>
          <phonenumber/>
          <subscriberid/>
          <background/>
          <disaster_type/>
          <disaster_type_other/>
          <extreme_events/>
          <extreme_events_other/>
          <dis_image>
            <disaster_image_1/>
            <disaster_image_2/>
            <disaster_image_3/>
          </dis_image>
          <disaster_record_point/>
          <disaster_exact_time/>
          <disaster_date_myd/>
          <disaster_date_my/>
          <obs_geoshape/>
          <numpoints_shape/>
          <geopoints_count/>
          <geopoints jr:template="">
            <index/>
            <latstr/>
            <lat/>
            <long/>
            <coord/>
          </geopoints>
          <geopoints>
            <index/>
            <latstr/>
            <lat/>
            <long/>
            <coord/>
          </geopoints>
          <coordinates/>
          <geojson/>
          <begin_group_kuIJA5S3B>
            <disaster_remark/>
            <thank_you/>
          </begin_group_kuIJA5S3B>
          <meta>
            <instanceID/>
          </meta>
        </a3RZzCztpELw2HndTxTJEa>
      </instance>
      <bind jr:preload="timestamp" jr:preloadParams="start" nodeset="/a3RZzCztpELw2HndTxTJEa/start" type="dateTime"/>
      <bind jr:preload="timestamp" jr:preloadParams="end" nodeset="/a3RZzCztpELw2HndTxTJEa/end" type="dateTime"/>
      <bind jr:preload="date" jr:preloadParams="today" nodeset="/a3RZzCztpELw2HndTxTJEa/today" type="date"/>
      <bind jr:preload="property" jr:preloadParams="username" nodeset="/a3RZzCztpELw2HndTxTJEa/username" type="string"/>
      <bind jr:preload="property" jr:preloadParams="deviceid" nodeset="/a3RZzCztpELw2HndTxTJEa/deviceid" type="string"/>
      <bind jr:preload="property" jr:preloadParams="deviceid" nodeset="/a3RZzCztpELw2HndTxTJEa/imei" type="string"/>
      <bind jr:preload="property" jr:preloadParams="phonenumber" nodeset="/a3RZzCztpELw2HndTxTJEa/phonenumber" type="string"/>
      <bind jr:preload="property" jr:preloadParams="subscriberid" nodeset="/a3RZzCztpELw2HndTxTJEa/subscriberid" type="string"/>
      <bind nodeset="/a3RZzCztpELw2HndTxTJEa/background" readonly="true()" type="string"/>
      <bind jr:requiredMsg="jr:itext('/a3RZzCztpELw2HndTxTJEa/disaster_type:jr:requiredMsg')" nodeset="/a3RZzCztpELw2HndTxTJEa/disaster_type" required="true()" type="string"/>
      <bind jr:requiredMsg="jr:itext('/a3RZzCztpELw2HndTxTJEa/disaster_type_other:jr:requiredMsg')" nodeset="/a3RZzCztpELw2HndTxTJEa/disaster_type_other" relevant="selected( /a3RZzCztpELw2HndTxTJEa/disaster_type , 'disaster_other')" required="true()" type="string"/>
      <bind jr:requiredMsg="jr:itext('/a3RZzCztpELw2HndTxTJEa/extreme_events:jr:requiredMsg')" nodeset="/a3RZzCztpELw2HndTxTJEa/extreme_events" relevant="selected( /a3RZzCztpELw2HndTxTJEa/disaster_type , 'disaster_3')" required="true()" type="string"/>
      <bind jr:requiredMsg="jr:itext('/a3RZzCztpELw2HndTxTJEa/extreme_events_other:jr:requiredMsg')" nodeset="/a3RZzCztpELw2HndTxTJEa/extreme_events_other" relevant="selected( /a3RZzCztpELw2HndTxTJEa/extreme_events , 'extreme_events_other')" required="true()" type="string"/>
      <bind nodeset="/a3RZzCztpELw2HndTxTJEa/dis_image/disaster_image_1" type="binary"/>
      <bind nodeset="/a3RZzCztpELw2HndTxTJEa/dis_image/disaster_image_2" type="binary"/>
      <bind nodeset="/a3RZzCztpELw2HndTxTJEa/dis_image/disaster_image_3" type="binary"/>
      <bind nodeset="/a3RZzCztpELw2HndTxTJEa/disaster_record_point" type="geopoint"/>
      <bind jr:requiredMsg="jr:itext('/a3RZzCztpELw2HndTxTJEa/disaster_exact_time:jr:requiredMsg')" nodeset="/a3RZzCztpELw2HndTxTJEa/disaster_exact_time" required="true()" type="string"/>
      <bind constraint=".&lt;=today()" jr:constraintMsg="jr:itext('/a3RZzCztpELw2HndTxTJEa/disaster_date_myd:jr:constraintMsg')" jr:requiredMsg="jr:itext('/a3RZzCztpELw2HndTxTJEa/disaster_date_myd:jr:requiredMsg')" nodeset="/a3RZzCztpELw2HndTxTJEa/disaster_date_myd" relevant="selected( /a3RZzCztpELw2HndTxTJEa/disaster_exact_time , 'yes')" required="true()" type="date"/>
      <bind constraint=".&lt;=today()" jr:constraintMsg="jr:itext('/a3RZzCztpELw2HndTxTJEa/disaster_date_my:jr:constraintMsg')" nodeset="/a3RZzCztpELw2HndTxTJEa/disaster_date_my" relevant="selected( /a3RZzCztpELw2HndTxTJEa/disaster_exact_time , 'no')" type="date"/>
      <bind nodeset="/a3RZzCztpELw2HndTxTJEa/obs_geoshape" type="geoshape"/>
      <bind calculate="if( /a3RZzCztpELw2HndTxTJEa/obs_geoshape !='', (count-selected( /a3RZzCztpELw2HndTxTJEa/obs_geoshape )-1) div 3,1)" nodeset="/a3RZzCztpELw2HndTxTJEa/numpoints_shape" type="string"/>
      <bind calculate=" /a3RZzCztpELw2HndTxTJEa/numpoints_shape " nodeset="/a3RZzCztpELw2HndTxTJEa/geopoints_count" readonly="true()" type="string"/>
      <bind calculate="position(..)-1" nodeset="/a3RZzCztpELw2HndTxTJEa/geopoints/index" type="string"/>
      <bind calculate="if( /a3RZzCztpELw2HndTxTJEa/obs_geoshape !='', selected-at( /a3RZzCztpELw2HndTxTJEa/obs_geoshape , ../index *3+0), 0)" nodeset="/a3RZzCztpELw2HndTxTJEa/geopoints/latstr" type="string"/>
      <bind calculate="if( ../index =0, ../latstr ,substring-after( ../latstr , ';'))" nodeset="/a3RZzCztpELw2HndTxTJEa/geopoints/lat" type="string"/>
      <bind calculate="if( /a3RZzCztpELw2HndTxTJEa/obs_geoshape !='', selected-at( /a3RZzCztpELw2HndTxTJEa/obs_geoshape , ../index *3+1), 0)" nodeset="/a3RZzCztpELw2HndTxTJEa/geopoints/long" type="string"/>
      <bind calculate="if( ../index != /a3RZzCztpELw2HndTxTJEa/numpoints_shape -1, concat('[', ../long , ',',  ../lat , ',', 0,'],'), concat('[', ../long , ',',  ../lat , ',', 0,']'))" nodeset="/a3RZzCztpELw2HndTxTJEa/geopoints/coord" type="string"/>
      <bind calculate="if( /a3RZzCztpELw2HndTxTJEa/obs_geoshape !='',concat('&quot;coordinates&quot;:[[',join('', /a3RZzCztpELw2HndTxTJEa/geopoints/coord ),']]'), 0)" nodeset="/a3RZzCztpELw2HndTxTJEa/coordinates" type="string"/>
      <bind calculate="if( /a3RZzCztpELw2HndTxTJEa/obs_geoshape !='',concat('{&quot;type&quot;:&quot;FeatureCollection&quot;,&quot;features&quot;:[{&quot;type&quot;:&quot;Feature&quot;,&quot;geometry&quot; :{&quot;type&quot;:&quot;Polygon&quot;,', /a3RZzCztpELw2HndTxTJEa/coordinates ,'},&quot;properties&quot;:{&quot;name&quot;:&quot;', /a3RZzCztpELw2HndTxTJEa/username ,'&quot;,&quot;description&quot;:&quot;', /a3RZzCztpELw2HndTxTJEa/disaster_type ,'&quot;}}]}'), 0)" nodeset="/a3RZzCztpELw2HndTxTJEa/geojson" type="string"/>
      <bind nodeset="/a3RZzCztpELw2HndTxTJEa/begin_group_kuIJA5S3B/disaster_remark" type="string"/>
      <bind nodeset="/a3RZzCztpELw2HndTxTJEa/begin_group_kuIJA5S3B/thank_you" readonly="true()" type="string"/>
      <bind jr:preload="uid" nodeset="/a3RZzCztpELw2HndTxTJEa/meta/instanceID" readonly="true()" type="string"/>
    </model>
  </h:head>
  <h:body>
    <input ref="/a3RZzCztpELw2HndTxTJEa/background">
      <label ref="jr:itext('/a3RZzCztpELw2HndTxTJEa/background:label')"/>
      <hint ref="jr:itext('/a3RZzCztpELw2HndTxTJEa/background:hint')"/>
    </input>
    <select1 ref="/a3RZzCztpELw2HndTxTJEa/disaster_type">
      <label ref="jr:itext('/a3RZzCztpELw2HndTxTJEa/disaster_type:label')"/>
      <item>
        <label ref="jr:itext('/a3RZzCztpELw2HndTxTJEa/disaster_type/disaster_1:label')"/>
        <value>disaster_1</value>
      </item>
      <item>
        <label ref="jr:itext('/a3RZzCztpELw2HndTxTJEa/disaster_type/disaster_2:label')"/>
        <value>disaster_2</value>
      </item>
      <item>
        <label ref="jr:itext('/a3RZzCztpELw2HndTxTJEa/disaster_type/disaster_3:label')"/>
        <value>disaster_3</value>
      </item>
      <item>
        <label ref="jr:itext('/a3RZzCztpELw2HndTxTJEa/disaster_type/disaster_4:label')"/>
        <value>disaster_4</value>
      </item>
      <item>
        <label ref="jr:itext('/a3RZzCztpELw2HndTxTJEa/disaster_type/disaster_5:label')"/>
        <value>disaster_5</value>
      </item>
      <item>
        <label ref="jr:itext('/a3RZzCztpELw2HndTxTJEa/disaster_type/disaster_6:label')"/>
        <value>disaster_6</value>
      </item>
      <item>
        <label ref="jr:itext('/a3RZzCztpELw2HndTxTJEa/disaster_type/disaster_7:label')"/>
        <value>disaster_7</value>
      </item>
      <item>
        <label ref="jr:itext('/a3RZzCztpELw2HndTxTJEa/disaster_type/disaster_8:label')"/>
        <value>disaster_8</value>
      </item>
      <item>
        <label ref="jr:itext('/a3RZzCztpELw2HndTxTJEa/disaster_type/disaster_9:label')"/>
        <value>disaster_9</value>
      </item>
      <item>
        <label ref="jr:itext('/a3RZzCztpELw2HndTxTJEa/disaster_type/disaster_other:label')"/>
        <value>disaster_other</value>
      </item>
    </select1>
    <input ref="/a3RZzCztpELw2HndTxTJEa/disaster_type_other">
      <label ref="jr:itext('/a3RZzCztpELw2HndTxTJEa/disaster_type_other:label')"/>
    </input>
    <select1 ref="/a3RZzCztpELw2HndTxTJEa/extreme_events">
      <label ref="jr:itext('/a3RZzCztpELw2HndTxTJEa/extreme_events:label')"/>
      <item>
        <label ref="jr:itext('/a3RZzCztpELw2HndTxTJEa/extreme_events/extreme_events_1:label')"/>
        <value>extreme_events_1</value>
      </item>
      <item>
        <label ref="jr:itext('/a3RZzCztpELw2HndTxTJEa/extreme_events/extreme_events_2:label')"/>
        <value>extreme_events_2</value>
      </item>
      <item>
        <label ref="jr:itext('/a3RZzCztpELw2HndTxTJEa/extreme_events/extreme_events_3:label')"/>
        <value>extreme_events_3</value>
      </item>
      <item>
        <label ref="jr:itext('/a3RZzCztpELw2HndTxTJEa/extreme_events/extreme_events_4:label')"/>
        <value>extreme_events_4</value>
      </item>
      <item>
        <label ref="jr:itext('/a3RZzCztpELw2HndTxTJEa/extreme_events/extreme_events_5:label')"/>
        <value>extreme_events_5</value>
      </item>
      <item>
        <label ref="jr:itext('/a3RZzCztpELw2HndTxTJEa/extreme_events/extreme_events_6:label')"/>
        <value>extreme_events_6</value>
      </item>
      <item>
        <label ref="jr:itext('/a3RZzCztpELw2HndTxTJEa/extreme_events/extreme_events_other:label')"/>
        <value>extreme_events_other</value>
      </item>
    </select1>
    <input ref="/a3RZzCztpELw2HndTxTJEa/extreme_events_other">
      <label ref="jr:itext('/a3RZzCztpELw2HndTxTJEa/extreme_events_other:label')"/>
    </input>
    <group appearance="field-list" ref="/a3RZzCztpELw2HndTxTJEa/dis_image">
      <label ref="jr:itext('/a3RZzCztpELw2HndTxTJEa/dis_image:label')"/>
      <upload mediatype="image/*" ref="/a3RZzCztpELw2HndTxTJEa/dis_image/disaster_image_1">
        <label ref="jr:itext('/a3RZzCztpELw2HndTxTJEa/dis_image/disaster_image_1:label')"/>
      </upload>
      <upload mediatype="image/*" ref="/a3RZzCztpELw2HndTxTJEa/dis_image/disaster_image_2">
        <label ref="jr:itext('/a3RZzCztpELw2HndTxTJEa/dis_image/disaster_image_2:label')"/>
      </upload>
      <upload mediatype="image/*" ref="/a3RZzCztpELw2HndTxTJEa/dis_image/disaster_image_3">
        <label ref="jr:itext('/a3RZzCztpELw2HndTxTJEa/dis_image/disaster_image_3:label')"/>
      </upload>
    </group>
    <input ref="/a3RZzCztpELw2HndTxTJEa/disaster_record_point">
      <label ref="jr:itext('/a3RZzCztpELw2HndTxTJEa/disaster_record_point:label')"/>
    </input>
    <select1 appearance="columns-2" ref="/a3RZzCztpELw2HndTxTJEa/disaster_exact_time">
      <label ref="jr:itext('/a3RZzCztpELw2HndTxTJEa/disaster_exact_time:label')"/>
      <hint ref="jr:itext('/a3RZzCztpELw2HndTxTJEa/disaster_exact_time:hint')"/>
      <item>
        <label ref="jr:itext('/a3RZzCztpELw2HndTxTJEa/disaster_exact_time/yes:label')"/>
        <value>yes</value>
      </item>
      <item>
        <label ref="jr:itext('/a3RZzCztpELw2HndTxTJEa/disaster_exact_time/no:label')"/>
        <value>no</value>
      </item>
    </select1>
    <input appearance="bikram-sambat and no-calendar" ref="/a3RZzCztpELw2HndTxTJEa/disaster_date_myd">
      <label ref="jr:itext('/a3RZzCztpELw2HndTxTJEa/disaster_date_myd:label')"/>
    </input>
    <input appearance="bikram-sambat and month-year" ref="/a3RZzCztpELw2HndTxTJEa/disaster_date_my">
      <label ref="jr:itext('/a3RZzCztpELw2HndTxTJEa/disaster_date_my:label')"/>
    </input>
    <input ref="/a3RZzCztpELw2HndTxTJEa/obs_geoshape">
      <label ref="jr:itext('/a3RZzCztpELw2HndTxTJEa/obs_geoshape:label')"/>
    </input>
    <group ref="/a3RZzCztpELw2HndTxTJEa/geopoints">
      <label></label>
      <repeat jr:count=" /a3RZzCztpELw2HndTxTJEa/geopoints_count " nodeset="/a3RZzCztpELw2HndTxTJEa/geopoints"/>
    </group>
    <group ref="/a3RZzCztpELw2HndTxTJEa/begin_group_kuIJA5S3B">
      <input appearance="field-list" ref="/a3RZzCztpELw2HndTxTJEa/begin_group_kuIJA5S3B/disaster_remark">
        <label ref="jr:itext('/a3RZzCztpELw2HndTxTJEa/begin_group_kuIJA5S3B/disaster_remark:label')"/>
      </input>
      <input ref="/a3RZzCztpELw2HndTxTJEa/begin_group_kuIJA5S3B/thank_you">
        <label ref="jr:itext('/a3RZzCztpELw2HndTxTJEa/begin_group_kuIJA5S3B/thank_you:label')"/>
      </input>
    </group>
  </h:body>
</h:html>
